,Date,Open,High,Low,Close,Volume
0,20250203  09:15:00,49066.0,49117.5,48909.5,48986.5,0
1,20250203  09:20:00,48987.0,49071.5,48933.5,49051.0,0
2,20250203  09:25:00,49052.5,49195.5,49035.0,49191.5,0
3,20250203  09:30:00,49186.5,49276.0,49170.0,49223.5,0
4,20250203  09:35:00,49227.0,49229.5,49115.0,49118.0,0
5,20250203  09:40:00,49120.5,49175.5,49048.5,49056.0,0
6,20250203  09:45:00,49056.0,49084.0,49020.0,49020.0,0
7,20250203  09:50:00,49022.5,49052.5,48996.0,49041.5,0
8,20250203  09:55:00,49038.5,49075.5,49010.5,49037.0,0
9,20250203  10:00:00,49039.0,49052.0,49012.0,49018.5,0
10,20250203  10:05:00,49023.5,49119.0,49011.5,49099.5,0
11,20250203  10:10:00,49099.0,49144.5,49076.0,49084.0,0
12,20250203  10:15:00,49081.5,49129.5,49050.0,49119.0,0
13,20250203  10:20:00,49119.5,49210.0,49110.0,49204.0,0
14,20250203  10:25:00,49202.5,49220.5,49150.5,49181.0,0
15,20250203  10:30:00,49178.0,49201.0,49142.5,49175.5,0
16,20250203  10:35:00,49177.0,49197.5,49149.0,49153.0,0
17,20250203  10:40:00,49152.0,49252.5,49114.5,49239.0,0
18,20250203  10:45:00,49237.0,49268.5,49213.0,49217.0,0
19,20250203  10:50:00,49215.0,49225.5,49141.5,49159.5,0
20,20250203  10:55:00,49159.5,49197.5,49154.0,49197.0,0
21,20250203  11:00:00,49196.5,49223.0,49163.0,49181.5,0
22,20250203  11:05:00,49182.5,49222.5,49178.0,49195.5,0
23,20250203  11:10:00,49197.5,49280.0,49192.5,49272.0,0
24,20250203  11:15:00,49270.0,49286.5,49246.5,49266.0,0
25,20250203  11:20:00,49268.5,49269.0,49202.5,49212.0,0
26,20250203  11:25:00,49210.5,49211.5,49136.0,49149.5,0
27,20250203  11:30:00,49146.5,49151.5,49089.0,49122.0,0
28,20250203  11:35:00,49121.5,49139.5,49063.5,49070.0,0
29,20250203  11:40:00,49071.5,49103.5,49054.5,49090.5,0
30,20250203  11:45:00,49088.0,49121.0,49065.5,49115.5,0
31,20250203  11:50:00,49114.0,49127.5,49089.5,49090.5,0
32,20250203  11:55:00,49094.0,49151.0,49086.5,49141.0,0
33,20250203  12:00:00,49141.0,49192.5,49126.0,49182.5,0
34,20250203  12:05:00,49183.0,49196.0,49159.0,49168.5,0
35,20250203  12:10:00,49169.0,49213.5,49156.5,49198.5,0
36,20250203  12:15:00,49199.0,49229.0,49180.5,49195.0,0
37,20250203  12:20:00,49193.0,49204.0,49172.5,49199.5,0
38,20250203  12:25:00,49201.0,49223.5,49173.5,49189.0,0
39,20250203  12:30:00,49182.5,49221.0,49177.5,49218.5,0
40,20250203  12:35:00,49217.5,49240.0,49199.0,49211.5,0
41,20250203  12:40:00,49213.5,49224.0,49174.5,49189.5,0
42,20250203  12:45:00,49191.5,49201.5,49152.0,49164.0,0
43,20250203  12:50:00,49165.5,49169.5,49123.0,49154.0,0
44,20250203  12:55:00,49157.0,49210.5,49152.0,49200.5,0
45,20250203  13:00:00,49208.5,49315.5,49190.0,49295.5,0
46,20250203  13:05:00,49297.5,49359.5,49255.0,49352.5,0
47,20250203  13:10:00,49353.0,49369.5,49325.0,49344.5,0
48,20250203  13:15:00,49347.5,49358.5,49274.5,49283.0,0
49,20250203  13:20:00,49283.0,49303.0,49258.0,49267.0,0
50,20250203  13:25:00,49264.5,49280.5,49200.0,49211.0,0
51,20250203  13:30:00,49212.0,49236.5,49202.5,49208.0,0
52,20250203  13:35:00,49206.5,49246.5,49199.5,49228.5,0
53,20250203  13:40:00,49233.0,49278.0,49226.0,49274.0,0
54,20250203  13:45:00,49275.0,49312.5,49256.5,49273.5,0
55,20250203  13:50:00,49271.5,49276.5,49188.0,49210.0,0
56,20250203  13:55:00,49210.5,49221.5,49192.5,49207.0,0
57,20250203  14:00:00,49209.5,49240.0,49201.0,49213.5,0
58,20250203  14:05:00,49215.5,49260.0,49211.5,49235.0,0
59,20250203  14:10:00,49234.0,49281.5,49221.0,49257.5,0
60,20250203  14:15:00,49256.0,49268.5,49245.0,49252.0,0
61,20250203  14:20:00,49253.5,49267.5,49227.5,49249.0,0
62,20250203  14:25:00,49251.0,49280.0,49244.5,49270.5,0
63,20250203  14:30:00,49272.5,49272.5,49233.0,49263.5,0
64,20250203  14:35:00,49264.0,49281.0,49250.0,49274.5,0
65,20250203  14:40:00,49277.0,49287.0,49241.5,49280.5,0
66,20250203  14:45:00,49280.0,49294.5,49251.5,49260.0,0
67,20250203  14:50:00,49263.0,49287.5,49251.0,49262.5,0
68,20250203  14:55:00,49266.5,49290.0,49257.0,49261.0,0
69,20250203  15:00:00,49261.5,49298.0,49185.5,49195.0,0
70,20250203  15:05:00,49195.5,49241.5,49188.5,49241.5,0
71,20250203  15:10:00,49237.0,49257.5,49206.0,49222.5,0
72,20250203  15:15:00,49226.0,49235.0,49183.0,49208.5,0
73,20250203  15:20:00,49210.0,49216.0,49186.0,49191.0,0
74,20250203  15:25:00,49197.0,49233.5,49192.5,49224.0,0
75,20250204  09:15:00,49531.5,49668.5,49498.0,49560.5,0
76,20250204  09:20:00,49559.5,49648.5,49559.0,49627.5,0
77,20250204  09:25:00,49620.5,49661.0,49599.5,49610.5,0
78,20250204  09:30:00,49611.0,49747.5,49573.5,49747.0,0
79,20250204  09:35:00,49751.5,49894.5,49743.0,49876.5,0
80,20250204  09:40:00,49875.0,49965.5,49873.5,49948.5,0
81,20250204  09:45:00,49943.5,49987.0,49923.0,49966.5,0
82,20250204  09:50:00,49969.0,50017.5,49941.0,49978.0,0
83,20250204  09:55:00,49980.0,49986.5,49937.5,49961.5,0
84,20250204  10:00:00,49960.5,49988.5,49880.0,49916.0,0
85,20250204  10:05:00,49915.5,49956.0,49907.5,49921.0,0
86,20250204  10:10:00,49916.0,49946.5,49845.0,49859.0,0
87,20250204  10:15:00,49859.0,49898.5,49837.5,49879.0,0
88,20250204  10:20:00,49879.5,49923.0,49873.0,49884.5,0
89,20250204  10:25:00,49885.0,49892.0,49824.0,49855.0,0
90,20250204  10:30:00,49857.0,49869.0,49800.5,49801.0,0
91,20250204  10:35:00,49802.5,49804.5,49619.5,49619.5,0
92,20250204  10:40:00,49622.0,49714.0,49615.0,49701.5,0
93,20250204  10:45:00,49701.0,49748.0,49684.5,49694.0,0
94,20250204  10:50:00,49690.0,49707.0,49611.0,49616.5,0
95,20250204  10:55:00,49619.0,49709.5,49619.0,49704.5,0
96,20250204  11:00:00,49705.0,49788.0,49690.0,49765.0,0
97,20250204  11:05:00,49765.5,49812.0,49760.5,49781.5,0
98,20250204  11:10:00,49781.5,49830.0,49756.5,49819.5,0
99,20250204  11:15:00,49823.5,49843.5,49788.5,49810.5,0
100,20250204  11:20:00,49815.0,49906.0,49811.0,49845.5,0
101,20250204  11:25:00,49843.5,49859.0,49816.5,49829.5,0
102,20250204  11:30:00,49825.0,49860.5,49809.0,49811.5,0
103,20250204  11:35:00,49815.5,49838.5,49804.0,49825.0,0
104,20250204  11:40:00,49825.5,49844.5,49768.0,49777.5,0
105,20250204  11:45:00,49776.5,49897.0,49767.5,49896.5,0
106,20250204  11:50:00,49895.0,49920.0,49798.0,49829.0,0
107,20250204  11:55:00,49827.5,49842.0,49798.0,49811.5,0
108,20250204  12:00:00,49813.0,49824.0,49768.5,49818.5,0
109,20250204  12:05:00,49817.5,49834.5,49774.5,49809.0,0
110,20250204  12:10:00,49809.0,49862.5,49809.0,49848.0,0
111,20250204  12:15:00,49846.0,49910.5,49841.5,49880.5,0
112,20250204  12:20:00,49876.5,49910.5,49857.5,49895.5,0
113,20250204  12:25:00,49899.5,49931.0,49880.5,49927.5,0
114,20250204  12:30:00,49924.5,50001.0,49913.0,49966.5,0
115,20250204  12:35:00,49968.0,50017.0,49957.0,49971.5,0
116,20250204  12:40:00,49968.0,50003.0,49944.0,49976.0,0
117,20250204  12:45:00,49973.5,49984.5,49944.5,49968.0,0
118,20250204  12:50:00,49963.5,50039.0,49950.0,50017.0,0
119,20250204  12:55:00,50020.0,50045.0,50003.5,50038.0,0
120,20250204  13:00:00,50043.5,50083.0,49977.0,49983.5,0
121,20250204  13:05:00,49981.0,50016.5,49924.0,50016.0,0
122,20250204  13:10:00,50015.5,50062.0,50008.0,50056.0,0
123,20250204  13:15:00,50058.0,50066.5,49988.5,50009.0,0
124,20250204  13:20:00,50013.0,50084.0,50009.5,50023.5,0
125,20250204  13:25:00,50028.5,50032.5,49981.5,50000.5,0
126,20250204  13:30:00,50004.0,50094.5,49994.0,50086.5,0
127,20250204  13:35:00,50089.5,50107.5,50043.0,50047.5,0
128,20250204  13:40:00,50048.5,50059.0,49987.0,49991.5,0
129,20250204  13:45:00,49990.0,50084.0,49974.5,50080.0,0
130,20250204  13:50:00,50084.5,50112.0,50048.5,50058.0,0
131,20250204  13:55:00,50060.0,50072.5,50017.0,50034.5,0
132,20250204  14:00:00,50036.0,50067.0,50023.0,50043.5,0
133,20250204  14:05:00,50041.5,50091.0,50038.0,50062.5,0
134,20250204  14:10:00,50064.0,50064.5,49912.5,49968.0,0
135,20250204  14:15:00,49960.0,49978.5,49938.5,49940.0,0
136,20250204  14:20:00,49945.0,49962.5,49888.0,49944.0,0
137,20250204  14:25:00,49953.5,49953.5,49907.0,49914.5,0
138,20250204  14:30:00,49916.0,49993.5,49902.5,49971.5,0
139,20250204  14:35:00,49973.5,50103.5,49964.5,50103.0,0
140,20250204  14:40:00,50102.0,50155.5,50093.0,50120.0,0
141,20250204  14:45:00,50118.5,50182.0,50073.5,50145.0,0
142,20250204  14:50:00,50148.0,50170.0,50130.5,50149.5,0
143,20250204  14:55:00,50158.0,50199.0,50139.5,50167.5,0
144,20250204  15:00:00,50167.0,50203.0,50137.0,50184.5,0
145,20250204  15:05:00,50186.5,50199.5,50142.0,50187.0,0
146,20250204  15:10:00,50184.0,50199.5,50134.0,50192.5,0
147,20250204  15:15:00,50192.0,50198.0,50116.0,50135.0,0
148,20250204  15:20:00,50133.5,50152.5,50105.0,50119.5,0
149,20250204  15:25:00,50120.5,50134.5,50083.5,50111.5,0
150,20250205  09:15:00,50400.5,50401.0,50282.5,50384.0,0
151,20250205  09:20:00,50382.0,50384.0,50307.5,50352.5,0
152,20250205  09:25:00,50351.5,50360.0,50308.0,50328.0,0
153,20250205  09:30:00,50327.5,50335.5,50222.0,50230.5,0
154,20250205  09:35:00,50224.0,50344.5,50216.5,50344.5,0
155,20250205  09:40:00,50343.0,50450.5,50341.5,50445.5,0
156,20250205  09:45:00,50445.0,50472.5,50432.5,50463.0,0
157,20250205  09:50:00,50462.5,50479.5,50420.0,50426.0,0
158,20250205  09:55:00,50427.5,50447.5,50391.0,50442.0,0
159,20250205  10:00:00,50448.5,50473.5,50368.5,50370.0,0
160,20250205  10:05:00,50372.5,50441.5,50360.5,50433.5,0
161,20250205  10:10:00,50430.0,50456.5,50408.5,50431.5,0
162,20250205  10:15:00,50429.0,50452.5,50371.0,50396.5,0
163,20250205  10:20:00,50396.0,50406.5,50341.0,50390.0,0
164,20250205  10:25:00,50395.5,50426.5,50385.5,50407.5,0
165,20250205  10:30:00,50407.5,50415.0,50369.0,50400.5,0
166,20250205  10:35:00,50402.5,50409.5,50381.5,50398.0,0
167,20250205  10:40:00,50398.0,50445.5,50370.5,50442.5,0
168,20250205  10:45:00,50437.0,50468.0,50437.0,50460.0,0
169,20250205  10:50:00,50461.0,50493.0,50442.5,50481.5,0
170,20250205  10:55:00,50482.0,50486.5,50401.0,50426.0,0
171,20250205  11:00:00,50421.5,50433.0,50378.5,50392.0,0
172,20250205  11:05:00,50388.0,50392.5,50344.5,50363.0,0
173,20250205  11:10:00,50368.0,50384.0,50359.5,50374.5,0
174,20250205  11:15:00,50369.5,50388.0,50333.0,50343.0,0
175,20250205  11:20:00,50336.0,50418.5,50335.5,50415.5,0
176,20250205  11:25:00,50416.5,50433.5,50396.5,50413.0,0
177,20250205  11:30:00,50414.0,50416.0,50388.5,50404.0,0
178,20250205  11:35:00,50403.0,50428.5,50399.5,50428.0,0
179,20250205  11:40:00,50428.5,50433.5,50386.0,50415.0,0
180,20250205  11:45:00,50416.5,50453.5,50413.0,50441.0,0
181,20250205  11:50:00,50439.0,50442.0,50403.5,50419.5,0
182,20250205  11:55:00,50419.0,50429.5,50400.0,50407.0,0
183,20250205  12:00:00,50407.0,50413.0,50376.0,50383.5,0
184,20250205  12:05:00,50384.0,50396.0,50362.5,50367.0,0
185,20250205  12:10:00,50367.5,50371.0,50320.5,50342.5,0
186,20250205  12:15:00,50343.5,50389.0,50326.0,50388.0,0
187,20250205  12:20:00,50387.0,50397.5,50348.0,50349.0,0
188,20250205  12:25:00,50350.0,50386.0,50347.0,50379.0,0
189,20250205  12:30:00,50378.5,50412.0,50352.0,50412.0,0
190,20250205  12:35:00,50409.5,50426.0,50390.0,50414.0,0
191,20250205  12:40:00,50416.0,50449.0,50411.5,50428.5,0
192,20250205  12:45:00,50430.0,50436.5,50405.0,50409.0,0
193,20250205  12:50:00,50409.0,50432.5,50392.0,50412.0,0
194,20250205  12:55:00,50412.0,50441.5,50402.5,50423.0,0
195,20250205  13:00:00,50419.5,50445.0,50389.5,50441.5,0
196,20250205  13:05:00,50441.5,50475.5,50418.0,50461.0,0
197,20250205  13:10:00,50464.5,50500.0,50460.0,50498.5,0
198,20250205  13:15:00,50498.5,50508.0,50468.5,50481.0,0
199,20250205  13:20:00,50480.0,50490.0,50439.0,50449.0,0
200,20250205  13:25:00,50447.5,50474.5,50434.0,50443.5,0
201,20250205  13:30:00,50442.5,50485.5,50438.5,50474.5,0
202,20250205  13:35:00,50473.5,50492.0,50460.5,50478.5,0
203,20250205  13:40:00,50479.5,50480.5,50432.5,50452.5,0
204,20250205  13:45:00,50452.0,50462.5,50438.0,50459.5,0
205,20250205  13:50:00,50461.5,50500.5,50451.0,50499.5,0
206,20250205  13:55:00,50499.5,50522.0,50495.0,50516.0,0
207,20250205  14:00:00,50515.5,50519.0,50482.0,50484.5,0
208,20250205  14:05:00,50486.0,50499.0,50458.0,50459.0,0
209,20250205  14:10:00,50458.0,50462.5,50422.5,50434.0,0
210,20250205  14:15:00,50433.5,50446.0,50411.5,50435.0,0
211,20250205  14:20:00,50433.5,50467.0,50430.0,50440.0,0
212,20250205  14:25:00,50444.0,50467.0,50432.5,50446.5,0
213,20250205  14:30:00,50447.0,50476.5,50445.0,50457.0,0
214,20250205  14:35:00,50454.5,50483.0,50451.0,50474.0,0
215,20250205  14:40:00,50473.5,50490.0,50453.5,50473.5,0
216,20250205  14:45:00,50474.0,50481.0,50464.5,50470.5,0
217,20250205  14:50:00,50469.5,50494.5,50456.5,50466.0,0
218,20250205  14:55:00,50471.0,50487.5,50454.0,50473.0,0
219,20250205  15:00:00,50470.5,50476.0,50379.5,50383.0,0
220,20250205  15:05:00,50384.5,50388.0,50325.0,50367.0,0
221,20250205  15:10:00,50373.0,50378.5,50353.0,50355.0,0
222,20250205  15:15:00,50353.5,50354.5,50318.5,50335.0,0
223,20250205  15:20:00,50334.0,50338.5,50294.5,50301.5,0
224,20250205  15:25:00,50303.0,50326.0,50280.0,50300.0,0
225,20250206  09:15:00,50468.5,50525.5,50347.0,50445.0,0
226,20250206  09:20:00,50438.0,50444.5,50307.0,50314.0,0
227,20250206  09:25:00,50314.5,50350.0,50276.0,50287.0,0
228,20250206  09:30:00,50284.5,50297.0,50238.5,50244.0,0
229,20250206  09:35:00,50241.5,50275.0,50211.0,50215.0,0
230,20250206  09:40:00,50213.5,50302.5,50208.0,50267.5,0
231,20250206  09:45:00,50266.0,50306.5,50257.0,50259.0,0
232,20250206  09:50:00,50255.5,50263.5,50217.0,50242.0,0
233,20250206  09:55:00,50243.5,50290.0,50204.5,50267.5,0
234,20250206  10:00:00,50268.5,50314.5,50232.0,50314.5,0
235,20250206  10:05:00,50315.0,50353.0,50275.0,50285.0,0
236,20250206  10:10:00,50287.5,50324.0,50282.0,50305.0,0
237,20250206  10:15:00,50305.5,50348.5,50288.0,50342.0,0
238,20250206  10:20:00,50345.5,50367.0,50319.5,50353.5,0
239,20250206  10:25:00,50353.5,50361.5,50312.5,50329.0,0
240,20250206  10:30:00,50329.5,50364.5,50320.5,50329.0,0
241,20250206  10:35:00,50325.5,50359.0,50311.0,50355.0,0
242,20250206  10:40:00,50354.5,50371.5,50322.0,50342.0,0
243,20250206  10:45:00,50341.5,50342.0,50292.5,50309.0,0
244,20250206  10:50:00,50307.0,50343.0,50300.5,50308.5,0
245,20250206  10:55:00,50308.0,50312.5,50265.5,50281.0,0
246,20250206  11:00:00,50286.5,50293.0,50244.0,50250.5,0
247,20250206  11:05:00,50251.0,50259.5,50211.5,50235.0,0
248,20250206  11:10:00,50233.0,50261.0,50216.5,50244.0,0
249,20250206  11:15:00,50243.5,50244.5,50150.0,50158.0,0
250,20250206  11:20:00,50155.5,50184.0,50151.0,50179.5,0
251,20250206  11:25:00,50182.0,50206.0,50176.5,50179.0,0
252,20250206  11:30:00,50180.5,50216.5,50160.0,50196.5,0
253,20250206  11:35:00,50197.5,50236.5,50196.0,50209.5,0
254,20250206  11:40:00,50210.5,50235.0,50183.0,50230.0,0
255,20250206  11:45:00,50229.5,50278.0,50217.5,50238.5,0
256,20250206  11:50:00,50236.5,50253.5,50199.5,50214.5,0
257,20250206  11:55:00,50210.5,50225.0,50198.0,50209.0,0
258,20250206  12:00:00,50211.0,50259.0,50210.0,50252.0,0
259,20250206  12:05:00,50255.0,50286.5,50246.5,50263.5,0
260,20250206  12:10:00,50263.5,50283.0,50258.5,50273.5,0
261,20250206  12:15:00,50276.5,50315.5,50252.5,50267.5,0
262,20250206  12:20:00,50268.5,50293.5,50235.5,50291.5,0
263,20250206  12:25:00,50290.0,50294.5,50253.0,50254.5,0
264,20250206  12:30:00,50262.5,50265.5,50211.5,50224.0,0
265,20250206  12:35:00,50227.5,50241.0,50194.0,50233.5,0
266,20250206  12:40:00,50240.5,50250.0,50207.5,50217.0,0
267,20250206  12:45:00,50219.5,50240.5,50194.5,50201.5,0
268,20250206  12:50:00,50199.0,50210.0,50173.0,50189.0,0
269,20250206  12:55:00,50189.5,50229.0,50173.0,50183.0,0
270,20250206  13:00:00,50189.0,50218.0,50180.5,50212.0,0
271,20250206  13:05:00,50213.5,50233.0,50191.0,50213.0,0
272,20250206  13:10:00,50209.5,50232.5,50203.5,50219.0,0
273,20250206  13:15:00,50219.5,50248.0,50219.0,50232.0,0
274,20250206  13:20:00,50237.0,50248.0,50207.5,50238.5,0
275,20250206  13:25:00,50243.0,50277.0,50236.0,50252.5,0
276,20250206  13:30:00,50256.5,50293.5,50241.5,50286.0,0
277,20250206  13:35:00,50292.0,50298.0,50262.5,50273.0,0
278,20250206  13:40:00,50280.5,50301.0,50269.5,50283.0,0
279,20250206  13:45:00,50285.5,50291.0,50229.0,50229.5,0
280,20250206  13:50:00,50237.0,50239.0,50199.0,50211.0,0
281,20250206  13:55:00,50212.0,50263.0,50203.5,50227.0,0
282,20250206  14:00:00,50220.0,50280.0,50219.5,50267.0,0
283,20250206  14:05:00,50268.5,50316.5,50250.0,50293.5,0
284,20250206  14:10:00,50294.0,50306.5,50241.5,50261.0,0
285,20250206  14:15:00,50256.0,50305.5,50246.5,50299.5,0
286,20250206  14:20:00,50301.0,50361.0,50296.0,50317.5,0
287,20250206  14:25:00,50316.5,50355.5,50305.0,50313.0,0
288,20250206  14:30:00,50316.5,50327.5,50253.5,50317.0,0
289,20250206  14:35:00,50322.0,50395.5,50320.0,50362.5,0
290,20250206  14:40:00,50366.0,50400.0,50360.5,50371.0,0
291,20250206  14:45:00,50371.0,50372.5,50333.5,50343.0,0
292,20250206  14:50:00,50344.0,50347.0,50289.0,50338.5,0
293,20250206  14:55:00,50341.0,50360.0,50322.0,50344.5,0
294,20250206  15:00:00,50350.5,50399.0,50326.5,50397.0,0
295,20250206  15:05:00,50400.0,50411.0,50375.5,50390.0,0
296,20250206  15:10:00,50391.0,50391.5,50330.5,50374.5,0
297,20250206  15:15:00,50378.5,50401.5,50362.5,50398.0,0
298,20250206  15:20:00,50401.5,50438.0,50388.0,50412.5,0
299,20250206  15:25:00,50413.5,50447.5,50390.5,50427.0,0
300,20250207  09:15:00,50466.5,50501.0,50362.0,50410.5,0
301,20250207  09:20:00,50408.0,50409.5,50335.0,50360.5,0
302,20250207  09:25:00,50360.5,50427.5,50338.5,50417.5,0
303,20250207  09:30:00,50419.5,50432.5,50375.5,50414.5,0
304,20250207  09:35:00,50411.5,50469.0,50411.5,50458.0,0
305,20250207  09:40:00,50456.5,50498.0,50431.0,50482.5,0
306,20250207  09:45:00,50483.5,50496.0,50431.5,50468.0,0
307,20250207  09:50:00,50471.0,50488.0,50453.5,50466.5,0
308,20250207  09:55:00,50466.0,50483.5,50439.0,50458.5,0
309,20250207  10:00:00,50457.5,50466.5,50352.0,50395.5,0
310,20250207  10:05:00,50395.5,50614.5,50380.0,50605.5,0
311,20250207  10:10:00,50601.0,50638.5,50299.5,50412.0,0
312,20250207  10:15:00,50409.5,50436.0,50146.0,50201.5,0
313,20250207  10:20:00,50200.0,50295.5,50177.0,50193.5,0
314,20250207  10:25:00,50188.0,50188.5,50043.5,50142.5,0
315,20250207  10:30:00,50139.5,50188.0,50101.5,50116.5,0
316,20250207  10:35:00,50116.0,50208.0,50093.0,50207.0,0
317,20250207  10:40:00,50203.5,50263.5,50192.5,50224.5,0
318,20250207  10:45:00,50224.5,50229.0,50119.0,50135.5,0
319,20250207  10:50:00,50133.0,50203.5,50116.5,50203.0,0
320,20250207  10:55:00,50203.5,50300.0,50202.5,50300.0,0
321,20250207  11:00:00,50297.5,50317.5,50272.0,50294.5,0
322,20250207  11:05:00,50292.0,50327.0,50275.0,50326.0,0
323,20250207  11:10:00,50325.0,50343.5,50287.5,50290.0,0
324,20250207  11:15:00,50286.5,50363.5,50276.5,50360.5,0
325,20250207  11:20:00,50361.0,50416.5,50351.5,50412.5,0
326,20250207  11:25:00,50413.5,50464.0,50406.0,50450.5,0
327,20250207  11:30:00,50450.5,50462.5,50355.5,50375.0,0
328,20250207  11:35:00,50372.0,50375.5,50328.0,50330.5,0
329,20250207  11:40:00,50331.5,50422.0,50321.5,50413.0,0
330,20250207  11:45:00,50413.5,50427.5,50374.5,50376.5,0
331,20250207  11:50:00,50376.0,50410.5,50352.5,50353.5,0
332,20250207  11:55:00,50351.5,50355.0,50308.0,50312.0,0
333,20250207  12:00:00,50314.5,50334.0,50273.0,50278.0,0
334,20250207  12:05:00,50279.0,50290.5,50221.5,50228.5,0
335,20250207  12:10:00,50223.5,50245.0,50114.0,50114.5,0
336,20250207  12:15:00,50112.5,50138.0,50081.5,50116.5,0
337,20250207  12:20:00,50120.5,50154.5,50100.5,50126.0,0
338,20250207  12:25:00,50130.5,50180.5,50107.5,50173.0,0
339,20250207  12:30:00,50169.0,50218.0,50164.5,50189.0,0
340,20250207  12:35:00,50186.5,50202.0,50106.0,50111.5,0
341,20250207  12:40:00,50107.0,50156.5,50070.5,50145.0,0
342,20250207  12:45:00,50139.0,50165.0,50120.0,50140.5,0
343,20250207  12:50:00,50139.0,50148.0,50089.0,50089.5,0
344,20250207  12:55:00,50090.5,50128.5,50080.0,50115.0,0
345,20250207  13:00:00,50113.0,50180.5,50092.5,50163.5,0
346,20250207  13:05:00,50161.5,50171.5,50104.0,50104.5,0
347,20250207  13:10:00,50104.5,50113.0,50055.5,50086.5,0
348,20250207  13:15:00,50086.5,50108.5,50074.0,50097.5,0
349,20250207  13:20:00,50097.5,50122.0,50086.0,50105.5,0
350,20250207  13:25:00,50104.5,50117.0,50079.5,50111.0,0
351,20250207  13:30:00,50111.0,50163.0,50108.5,50138.5,0
352,20250207  13:35:00,50137.5,50167.0,50136.0,50149.5,0
353,20250207  13:40:00,50148.5,50166.5,50118.0,50139.0,0
354,20250207  13:45:00,50131.5,50164.0,50120.5,50121.5,0
355,20250207  13:50:00,50122.0,50138.5,49972.0,49988.0,0
356,20250207  13:55:00,49991.5,50032.5,49969.0,50018.0,0
357,20250207  14:00:00,50016.5,50057.5,50003.0,50047.0,0
358,20250207  14:05:00,50049.5,50082.0,49950.0,49950.0,0
359,20250207  14:10:00,49954.5,49966.5,49890.5,49915.0,0
360,20250207  14:15:00,49915.0,49937.0,49871.5,49882.5,0
361,20250207  14:20:00,49882.5,49919.0,49874.0,49905.0,0
362,20250207  14:25:00,49902.0,49960.0,49886.5,49955.5,0
363,20250207  14:30:00,49954.0,49984.0,49928.5,49951.5,0
364,20250207  14:35:00,49952.0,50023.5,49952.0,50012.5,0
365,20250207  14:40:00,50010.0,50015.5,49956.5,49968.5,0
366,20250207  14:45:00,49968.0,50010.0,49948.0,49993.0,0
367,20250207  14:50:00,49989.0,50008.5,49971.0,49981.5,0
368,20250207  14:55:00,49982.0,50004.0,49965.5,50003.0,0
369,20250207  15:00:00,50002.5,50084.5,50000.0,50079.5,0
370,20250207  15:05:00,50081.5,50125.5,50060.0,50125.0,0
371,20250207  15:10:00,50126.5,50183.0,50126.5,50181.0,0
372,20250207  15:15:00,50181.5,50215.0,50145.5,50188.0,0
373,20250207  15:20:00,50191.5,50196.5,50155.5,50189.5,0
374,20250207  15:25:00,50191.0,50248.5,50180.0,50204.5,0
375,20250210  09:15:00,50139.0,50139.0,49976.0,50039.5,0
376,20250210  09:20:00,50040.0,50111.5,50000.0,50092.5,0
377,20250210  09:25:00,50091.5,50119.0,50054.5,50111.5,0
378,20250210  09:30:00,50110.5,50131.0,49967.5,50025.0,0
379,20250210  09:35:00,50021.0,50037.5,49995.0,50006.0,0
380,20250210  09:40:00,50003.0,50017.5,49921.5,49926.5,0
381,20250210  09:45:00,49923.5,49955.5,49887.5,49955.0,0
382,20250210  09:50:00,49953.0,49991.0,49910.0,49980.0,0
383,20250210  09:55:00,49980.0,49999.0,49941.0,49944.5,0
384,20250210  10:00:00,49948.5,49988.0,49936.5,49937.0,0
385,20250210  10:05:00,49939.5,49962.0,49854.5,49864.0,0
386,20250210  10:10:00,49860.0,49860.5,49769.5,49776.5,0
387,20250210  10:15:00,49774.5,49792.5,49717.5,49792.5,0
388,20250210  10:20:00,49790.5,49808.0,49759.5,49786.5,0
389,20250210  10:25:00,49787.0,49799.0,49762.0,49782.0,0
390,20250210  10:30:00,49780.5,49796.0,49754.5,49763.0,0
391,20250210  10:35:00,49761.5,49821.5,49741.0,49817.0,0
392,20250210  10:40:00,49816.5,49834.0,49759.5,49790.0,0
393,20250210  10:45:00,49784.5,49789.0,49703.5,49739.5,0
394,20250210  10:50:00,49742.0,49809.5,49740.5,49807.5,0
395,20250210  10:55:00,49806.5,49827.5,49789.0,49811.5,0
396,20250210  11:00:00,49813.5,49858.0,49804.0,49854.0,0
397,20250210  11:05:00,49853.5,49867.5,49832.5,49850.5,0
398,20250210  11:10:00,49850.5,49856.0,49809.5,49854.0,0
399,20250210  11:15:00,49850.5,49858.0,49818.0,49835.0,0
400,20250210  11:20:00,49833.0,49846.0,49803.0,49833.0,0
401,20250210  11:25:00,49832.0,49844.5,49802.5,49820.5,0
402,20250210  11:30:00,49820.0,49870.5,49789.5,49870.5,0
403,20250210  11:35:00,49869.5,49882.0,49851.0,49859.0,0
404,20250210  11:40:00,49858.5,49896.0,49836.0,49853.5,0
405,20250210  11:45:00,49850.5,49895.5,49850.5,49855.5,0
406,20250210  11:50:00,49855.0,49893.5,49843.0,49872.0,0
407,20250210  11:55:00,49873.0,49892.0,49815.5,49820.0,0
408,20250210  12:00:00,49819.0,49834.5,49760.0,49785.5,0
409,20250210  12:05:00,49786.5,49817.5,49778.0,49797.0,0
410,20250210  12:10:00,49799.0,49828.5,49788.5,49822.5,0
411,20250210  12:15:00,49819.5,49835.0,49785.0,49789.0,0
412,20250210  12:20:00,49787.5,49852.0,49779.0,49851.5,0
413,20250210  12:25:00,49851.5,49890.0,49838.5,49883.5,0
414,20250210  12:30:00,49884.0,49895.0,49851.5,49858.0,0
415,20250210  12:35:00,49858.0,49863.0,49815.5,49851.5,0
416,20250210  12:40:00,49852.0,49866.0,49819.0,49846.5,0
417,20250210  12:45:00,49847.0,49875.5,49843.0,49862.0,0
418,20250210  12:50:00,49862.0,49873.0,49822.0,49833.5,0
419,20250210  12:55:00,49833.0,49850.0,49808.0,49813.5,0
420,20250210  13:00:00,49814.5,49839.0,49806.5,49817.0,0
421,20250210  13:05:00,49813.0,49847.0,49801.0,49824.5,0
422,20250210  13:10:00,49824.5,49844.5,49822.5,49843.5,0
423,20250210  13:15:00,49841.5,49844.0,49802.0,49814.0,0
424,20250210  13:20:00,49817.0,49844.0,49791.0,49795.0,0
425,20250210  13:25:00,49792.0,49864.5,49791.0,49855.0,0
426,20250210  13:30:00,49856.5,49872.5,49814.5,49824.0,0
427,20250210  13:35:00,49824.0,49876.0,49823.5,49871.5,0
428,20250210  13:40:00,49872.5,49888.0,49853.0,49879.0,0
429,20250210  13:45:00,49881.5,49931.5,49875.0,49900.5,0
430,20250210  13:50:00,49901.0,49961.0,49898.0,49916.0,0
431,20250210  13:55:00,49916.5,49932.0,49890.5,49928.0,0
432,20250210  14:00:00,49926.5,49932.5,49864.5,49870.5,0
433,20250210  14:05:00,49867.5,49887.5,49851.0,49864.0,0
434,20250210  14:10:00,49865.5,49877.0,49822.5,49826.0,0
435,20250210  14:15:00,49823.5,49856.0,49822.5,49831.5,0
436,20250210  14:20:00,49829.5,49845.5,49806.5,49843.5,0
437,20250210  14:25:00,49840.5,49872.0,49834.5,49866.0,0
438,20250210  14:30:00,49864.0,49894.0,49862.0,49871.5,0
439,20250210  14:35:00,49871.5,49919.5,49871.0,49915.0,0
440,20250210  14:40:00,49915.0,49961.0,49912.5,49925.5,0
441,20250210  14:45:00,49923.5,49962.0,49903.0,49937.5,0
442,20250210  14:50:00,49936.0,50005.0,49933.5,49992.0,0
443,20250210  14:55:00,49988.0,50023.0,49961.5,50022.5,0
444,20250210  15:00:00,50024.5,50049.5,49959.5,49985.5,0
445,20250210  15:05:00,49986.5,49995.5,49949.5,49993.5,0
446,20250210  15:10:00,49995.0,50024.0,49987.5,49987.5,0
447,20250210  15:15:00,49991.0,50007.5,49963.5,49989.5,0
448,20250210  15:20:00,49987.0,49990.5,49967.0,49972.5,0
449,20250210  15:25:00,49974.0,49980.5,49951.5,49968.5,0
450,20250211  09:15:00,49820.0,49893.0,49770.5,49807.5,0
451,20250211  09:20:00,49810.5,49812.0,49731.5,49733.0,0
452,20250211  09:25:00,49733.0,49749.5,49702.0,49734.5,0
453,20250211  09:30:00,49733.5,49736.5,49617.0,49636.0,0
454,20250211  09:35:00,49633.0,49702.5,49627.5,49676.0,0
455,20250211  09:40:00,49672.5,49717.5,49660.0,49702.5,0
456,20250211  09:45:00,49702.0,49708.0,49553.0,49564.0,0
457,20250211  09:50:00,49561.0,49586.0,49535.5,49572.0,0
458,20250211  09:55:00,49572.0,49601.5,49547.0,49594.0,0
459,20250211  10:00:00,49595.0,49604.0,49551.0,49574.0,0
460,20250211  10:05:00,49576.5,49606.5,49559.5,49571.0,0
461,20250211  10:10:00,49570.5,49583.5,49536.0,49582.5,0
462,20250211  10:15:00,49583.0,49605.0,49571.0,49591.0,0
463,20250211  10:20:00,49590.0,49640.0,49569.5,49624.0,0
464,20250211  10:25:00,49624.0,49663.5,49601.0,49627.0,0
465,20250211  10:30:00,49630.0,49635.5,49559.0,49562.5,0
466,20250211  10:35:00,49560.0,49563.0,49504.0,49520.5,0
467,20250211  10:40:00,49522.5,49537.0,49482.0,49485.0,0
468,20250211  10:45:00,49484.0,49517.0,49478.0,49517.0,0
469,20250211  10:50:00,49516.5,49558.0,49509.5,49535.0,0
470,20250211  10:55:00,49534.5,49567.0,49534.0,49562.5,0
471,20250211  11:00:00,49562.5,49577.0,49546.0,49559.5,0
472,20250211  11:05:00,49563.0,49607.0,49558.5,49590.0,0
473,20250211  11:10:00,49590.0,49624.5,49588.5,49608.5,0
474,20250211  11:15:00,49607.5,49634.0,49588.0,49623.0,0
475,20250211  11:20:00,49623.5,49639.5,49583.5,49589.0,0
476,20250211  11:25:00,49590.0,49604.5,49542.5,49543.5,0
477,20250211  11:30:00,49548.0,49565.0,49526.0,49541.5,0
478,20250211  11:35:00,49540.5,49581.0,49535.0,49574.0,0
479,20250211  11:40:00,49571.0,49601.0,49566.0,49583.5,0
480,20250211  11:45:00,49584.0,49588.0,49556.0,49581.5,0
481,20250211  11:50:00,49580.0,49593.5,49552.0,49560.0,0
482,20250211  11:55:00,49559.5,49561.5,49529.5,49545.0,0
483,20250211  12:00:00,49544.0,49561.0,49535.5,49555.5,0
484,20250211  12:05:00,49555.0,49577.0,49549.0,49555.5,0
485,20250211  12:10:00,49555.5,49580.0,49542.0,49550.5,0
486,20250211  12:15:00,49550.5,49579.5,49535.5,49567.5,0
487,20250211  12:20:00,49568.0,49600.5,49549.5,49558.0,0
488,20250211  12:25:00,49560.5,49588.0,49559.5,49583.5,0
489,20250211  12:30:00,49584.0,49591.5,49564.5,49578.0,0
490,20250211  12:35:00,49578.5,49585.5,49549.0,49551.0,0
491,20250211  12:40:00,49550.0,49569.5,49542.5,49569.0,0
492,20250211  12:45:00,49568.5,49588.0,49509.5,49519.0,0
493,20250211  12:50:00,49519.0,49542.5,49512.0,49533.5,0
494,20250211  12:55:00,49531.0,49541.5,49442.5,49475.0,0
495,20250211  13:00:00,49474.0,49476.0,49371.5,49372.5,0
496,20250211  13:05:00,49377.5,49389.0,49337.5,49371.0,0
497,20250211  13:10:00,49368.0,49381.5,49276.5,49295.0,0
498,20250211  13:15:00,49294.5,49391.0,49274.5,49382.5,0
499,20250211  13:20:00,49384.5,49411.5,49349.0,49358.5,0
500,20250211  13:25:00,49359.5,49370.5,49298.0,49314.5,0
501,20250211  13:30:00,49317.5,49357.5,49276.5,49308.0,0
502,20250211  13:35:00,49304.5,49363.0,49279.0,49363.0,0
503,20250211  13:40:00,49363.5,49382.5,49331.0,49371.0,0
504,20250211  13:45:00,49370.5,49388.5,49330.0,49349.5,0
505,20250211  13:50:00,49349.5,49370.0,49305.5,49319.5,0
506,20250211  13:55:00,49319.5,49335.5,49279.0,49312.5,0
507,20250211  14:00:00,49311.0,49330.0,49201.0,49216.5,0
508,20250211  14:05:00,49218.5,49243.0,49177.5,49226.5,0
509,20250211  14:10:00,49230.5,49314.5,49228.0,49311.5,0
510,20250211  14:15:00,49310.0,49314.0,49233.5,49253.0,0
511,20250211  14:20:00,49254.5,49292.0,49226.5,49280.5,0
512,20250211  14:25:00,49279.5,49338.0,49269.5,49275.5,0
513,20250211  14:30:00,49275.5,49329.5,49267.0,49326.0,0
514,20250211  14:35:00,49325.0,49348.5,49291.0,49347.0,0
515,20250211  14:40:00,49350.5,49353.5,49304.0,49344.5,0
516,20250211  14:45:00,49347.5,49377.0,49341.0,49361.0,0
517,20250211  14:50:00,49364.0,49468.5,49362.5,49461.0,0
518,20250211  14:55:00,49458.5,49478.0,49365.5,49401.5,0
519,20250211  15:00:00,49400.0,49473.0,49397.5,49459.0,0
520,20250211  15:05:00,49456.5,49459.0,49394.0,49433.5,0
521,20250211  15:10:00,49432.5,49446.5,49402.0,49415.0,0
522,20250211  15:15:00,49414.0,49436.5,49394.5,49416.5,0
523,20250211  15:20:00,49417.0,49417.5,49355.0,49371.0,0
524,20250211  15:25:00,49375.5,49390.0,49344.0,49358.5,0
525,20250212  09:15:00,49412.5,49449.0,49268.0,49350.0,0
526,20250212  09:20:00,49346.0,49372.0,49228.0,49232.0,0
527,20250212  09:25:00,49239.0,49293.0,49210.5,49213.5,0
528,20250212  09:30:00,49215.0,49233.5,49105.5,49110.0,0
529,20250212  09:35:00,49109.0,49127.0,49038.5,49047.0,0
530,20250212  09:40:00,49043.0,49054.0,48973.5,49001.5,0
531,20250212  09:45:00,48996.5,49008.5,48882.5,48886.5,0
532,20250212  09:50:00,48888.5,48934.5,48858.5,48934.5,0
533,20250212  09:55:00,48932.0,48942.5,48778.0,48807.5,0
534,20250212  10:00:00,48806.5,48817.5,48743.0,48765.0,0
535,20250212  10:05:00,48760.5,48863.5,48757.5,48832.5,0
536,20250212  10:10:00,48832.5,48896.5,48804.0,48811.0,0
537,20250212  10:15:00,48812.0,48907.5,48734.5,48870.0,0
538,20250212  10:20:00,48867.0,48895.5,48824.5,48879.5,0
539,20250212  10:25:00,48880.0,48927.0,48850.5,48890.0,0
540,20250212  10:30:00,48890.5,48974.5,48873.5,48973.5,0
541,20250212  10:35:00,48971.0,49051.0,48956.0,49025.5,0
542,20250212  10:40:00,49025.0,49029.0,48939.0,48954.5,0
543,20250212  10:45:00,48961.0,49155.5,48953.5,49131.5,0
544,20250212  10:50:00,49132.5,49196.5,49120.5,49147.5,0
545,20250212  10:55:00,49147.0,49156.0,49058.0,49065.5,0
546,20250212  11:00:00,49058.5,49081.5,49017.0,49042.5,0
547,20250212  11:05:00,49037.0,49092.5,48968.0,49080.5,0
548,20250212  11:10:00,49079.0,49082.5,49001.5,49002.0,0
549,20250212  11:15:00,49001.0,49065.5,48975.0,49064.0,0
550,20250212  11:20:00,49063.0,49084.0,49003.5,49080.0,0
551,20250212  11:25:00,49083.5,49094.5,49053.5,49070.0,0
552,20250212  11:30:00,49072.0,49124.0,49031.5,49042.5,0
553,20250212  11:35:00,49043.0,49101.0,49002.5,49098.5,0
554,20250212  11:40:00,49100.5,49323.5,49087.0,49322.0,0
555,20250212  11:45:00,49317.5,49450.0,49259.0,49315.5,0
556,20250212  11:50:00,49313.0,49353.0,49233.5,49349.0,0
557,20250212  11:55:00,49349.5,49422.0,49321.5,49357.5,0
558,20250212  12:00:00,49359.0,49432.5,49357.5,49369.5,0
559,20250212  12:05:00,49370.0,49376.5,49296.5,49330.5,0
560,20250212  12:10:00,49332.0,49386.0,49320.0,49376.5,0
561,20250212  12:15:00,49379.0,49399.5,49303.5,49317.0,0
562,20250212  12:20:00,49318.0,49380.0,49316.5,49335.0,0
563,20250212  12:25:00,49334.0,49362.0,49286.0,49343.0,0
564,20250212  12:30:00,49343.0,49512.0,49343.0,49470.5,0
565,20250212  12:35:00,49465.0,49492.0,49423.5,49437.0,0
566,20250212  12:40:00,49438.0,49475.5,49410.0,49441.0,0
567,20250212  12:45:00,49449.5,49595.5,49448.5,49556.0,0
568,20250212  12:50:00,49559.5,49648.5,49533.0,49533.5,0
569,20250212  12:55:00,49536.0,49572.5,49524.0,49562.5,0
570,20250212  13:00:00,49568.0,49597.0,49503.0,49547.5,0
571,20250212  13:05:00,49548.5,49625.0,49519.5,49564.5,0
572,20250212  13:10:00,49568.0,49645.0,49563.5,49603.0,0
573,20250212  13:15:00,49605.5,49649.5,49582.0,49621.0,0
574,20250212  13:20:00,49623.0,49686.5,49591.5,49662.5,0
575,20250212  13:25:00,49663.5,49681.0,49632.5,49670.5,0
576,20250212  13:30:00,49669.5,49701.5,49634.0,49655.0,0
577,20250212  13:35:00,49654.5,49680.0,49628.5,49665.5,0
578,20250212  13:40:00,49666.5,49687.0,49529.0,49616.0,0
579,20250212  13:45:00,49616.0,49616.5,49453.5,49471.0,0
580,20250212  13:50:00,49473.0,49514.5,49443.0,49455.5,0
581,20250212  13:55:00,49458.5,49464.5,49373.0,49389.5,0
582,20250212  14:00:00,49390.0,49416.0,49361.0,49404.5,0
583,20250212  14:05:00,49404.0,49440.0,49251.5,49251.5,0
584,20250212  14:10:00,49251.0,49355.5,49248.5,49332.5,0
585,20250212  14:15:00,49334.5,49337.0,49295.5,49319.5,0
586,20250212  14:20:00,49320.0,49378.5,49295.0,49301.5,0
587,20250212  14:25:00,49304.5,49337.5,49272.5,49324.5,0
588,20250212  14:30:00,49325.5,49325.5,49259.5,49281.0,0
589,20250212  14:35:00,49279.0,49302.5,49236.5,49257.0,0
590,20250212  14:40:00,49258.0,49344.5,49244.5,49309.0,0
591,20250212  14:45:00,49310.0,49316.0,49286.5,49297.0,0
592,20250212  14:50:00,49297.0,49336.5,49276.0,49330.0,0
593,20250212  14:55:00,49330.0,49390.0,49319.0,49375.0,0
594,20250212  15:00:00,49373.0,49438.5,49373.0,49417.5,0
595,20250212  15:05:00,49419.0,49477.5,49418.5,49454.0,0
596,20250212  15:10:00,49454.0,49522.0,49445.0,49519.0,0
597,20250212  15:15:00,49518.5,49552.5,49491.5,49505.0,0
598,20250212  15:20:00,49504.5,49533.0,49504.5,49521.5,0
599,20250212  15:25:00,49521.0,49543.0,49494.5,49526.5,0
600,20250213  09:15:00,49475.5,49702.0,49464.5,49651.0,0
601,20250213  09:20:00,49655.0,49655.5,49441.5,49481.0,0
602,20250213  09:25:00,49480.0,49574.0,49435.0,49524.0,0
603,20250213  09:30:00,49522.5,49672.5,49522.0,49658.5,0
604,20250213  09:35:00,49658.5,49672.5,49614.0,49623.0,0
605,20250213  09:40:00,49623.0,49693.0,49612.5,49670.0,0
606,20250213  09:45:00,49671.5,49706.0,49630.0,49645.5,0
607,20250213  09:50:00,49644.5,49738.0,49616.5,49733.0,0
608,20250213  09:55:00,49736.0,49745.0,49685.0,49712.0,0
609,20250213  10:00:00,49718.0,49772.0,49708.5,49763.0,0
610,20250213  10:05:00,49764.5,49789.5,49724.5,49735.5,0
611,20250213  10:10:00,49732.5,49769.0,49677.0,49722.0,0
612,20250213  10:15:00,49724.0,49765.5,49722.0,49729.5,0
613,20250213  10:20:00,49728.0,49733.5,49652.0,49683.0,0
614,20250213  10:25:00,49680.5,49717.0,49671.5,49692.0,0
615,20250213  10:30:00,49693.0,49763.5,49668.5,49763.5,0
616,20250213  10:35:00,49763.0,49835.0,49753.5,49813.5,0
617,20250213  10:40:00,49815.0,49817.5,49761.5,49767.0,0
618,20250213  10:45:00,49767.5,49796.5,49747.0,49763.0,0
619,20250213  10:50:00,49762.5,49797.5,49751.5,49784.5,0
620,20250213  10:55:00,49781.0,49787.5,49721.5,49735.0,0
621,20250213  11:00:00,49736.5,49798.5,49706.5,49743.0,0
622,20250213  11:05:00,49741.5,49779.0,49702.0,49729.0,0
623,20250213  11:10:00,49728.5,49757.5,49696.0,49757.0,0
624,20250213  11:15:00,49756.5,49768.5,49728.0,49750.5,0
625,20250213  11:20:00,49748.5,49760.0,49734.0,49747.5,0
626,20250213  11:25:00,49747.0,49766.5,49722.5,49756.5,0
627,20250213  11:30:00,49757.0,49780.0,49742.5,49754.0,0
628,20250213  11:35:00,49754.5,49782.5,49737.0,49757.0,0
629,20250213  11:40:00,49756.5,49805.0,49744.5,49797.0,0
630,20250213  11:45:00,49796.0,49813.0,49765.5,49787.0,0
631,20250213  11:50:00,49786.0,49829.5,49783.0,49803.0,0
632,20250213  11:55:00,49803.0,49813.5,49781.5,49796.5,0
633,20250213  12:00:00,49798.5,49804.0,49780.0,49781.5,0
634,20250213  12:05:00,49783.0,49783.0,49737.5,49745.0,0
635,20250213  12:10:00,49739.5,49752.5,49668.0,49699.0,0
636,20250213  12:15:00,49699.0,49743.0,49685.0,49735.5,0
637,20250213  12:20:00,49736.5,49740.0,49687.5,49707.0,0
638,20250213  12:25:00,49706.5,49740.5,49702.5,49730.5,0
639,20250213  12:30:00,49731.0,49744.0,49711.0,49734.0,0
640,20250213  12:35:00,49734.0,49737.5,49690.5,49710.5,0
641,20250213  12:40:00,49710.0,49720.0,49664.5,49699.0,0
642,20250213  12:45:00,49698.5,49714.5,49679.5,49694.0,0
643,20250213  12:50:00,49693.0,49701.0,49674.5,49687.0,0
644,20250213  12:55:00,49687.5,49688.0,49665.5,49678.0,0
645,20250213  13:00:00,49683.0,49715.5,49640.5,49660.0,0
646,20250213  13:05:00,49660.0,49661.0,49630.0,49632.0,0
647,20250213  13:10:00,49634.5,49635.0,49478.0,49478.0,0
648,20250213  13:15:00,49481.0,49548.5,49461.0,49542.5,0
649,20250213  13:20:00,49538.5,49563.5,49494.0,49496.0,0
650,20250213  13:25:00,49496.5,49513.0,49429.0,49483.0,0
651,20250213  13:30:00,49486.5,49494.0,49388.5,49401.0,0
652,20250213  13:35:00,49396.5,49399.5,49326.0,49353.0,0
653,20250213  13:40:00,49351.5,49378.5,49310.0,49365.0,0
654,20250213  13:45:00,49367.5,49368.0,49295.0,49305.5,0
655,20250213  13:50:00,49306.5,49369.0,49284.0,49344.5,0
656,20250213  13:55:00,49345.0,49421.0,49338.0,49385.5,0
657,20250213  14:00:00,49384.5,49435.5,49384.0,49429.5,0
658,20250213  14:05:00,49429.0,49429.5,49314.0,49327.5,0
659,20250213  14:10:00,49327.0,49357.5,49295.5,49349.0,0
660,20250213  14:15:00,49349.0,49394.0,49322.5,49347.5,0
661,20250213  14:20:00,49339.0,49361.0,49309.5,49327.0,0
662,20250213  14:25:00,49329.5,49373.0,49318.5,49339.0,0
663,20250213  14:30:00,49338.5,49352.0,49280.5,49321.5,0
664,20250213  14:35:00,49322.5,49339.0,49277.0,49335.5,0
665,20250213  14:40:00,49337.5,49367.5,49309.0,49342.0,0
666,20250213  14:45:00,49342.0,49388.5,49325.5,49383.5,0
667,20250213  14:50:00,49382.5,49410.0,49342.0,49410.0,0
668,20250213  14:55:00,49406.5,49408.0,49361.0,49391.5,0
669,20250213  15:00:00,49389.5,49429.0,49330.5,49347.5,0
670,20250213  15:05:00,49347.5,49369.0,49331.0,49361.5,0
671,20250213  15:10:00,49358.5,49376.5,49335.0,49357.0,0
672,20250213  15:15:00,49358.0,49388.0,49355.0,49372.5,0
673,20250213  15:20:00,49372.0,49389.0,49345.0,49350.5,0
674,20250213  15:25:00,49350.0,49359.5,49320.0,49342.0,0
675,20250214  09:15:00,49466.5,49589.0,49447.0,49493.0,0
676,20250214  09:20:00,49490.0,49514.0,49418.5,49509.5,0
677,20250214  09:25:00,49511.0,49522.5,49381.5,49386.5,0
678,20250214  09:30:00,49382.5,49418.5,49336.5,49349.5,0
679,20250214  09:35:00,49348.5,49413.5,49322.5,49400.0,0
680,20250214  09:40:00,49399.5,49430.0,49349.0,49371.5,0
681,20250214  09:45:00,49370.5,49390.5,49325.0,49384.5,0
682,20250214  09:50:00,49383.5,49442.5,49293.0,49295.0,0
683,20250214  09:55:00,49295.0,49404.0,49286.0,49369.5,0
684,20250214  10:00:00,49366.5,49437.5,49366.5,49434.0,0
685,20250214  10:05:00,49436.0,49479.5,49380.5,49417.0,0
686,20250214  10:10:00,49413.5,49420.0,49359.5,49385.0,0
687,20250214  10:15:00,49385.0,49457.0,49381.5,49444.0,0
688,20250214  10:20:00,49446.0,49473.5,49421.5,49473.5,0
689,20250214  10:25:00,49474.5,49482.5,49356.0,49356.5,0
690,20250214  10:30:00,49360.0,49394.0,49335.0,49337.5,0
691,20250214  10:35:00,49349.0,49349.0,49140.5,49150.5,0
692,20250214  10:40:00,49150.0,49160.5,49066.5,49081.0,0
693,20250214  10:45:00,49080.0,49083.0,48958.5,48996.0,0
694,20250214  10:50:00,48996.5,49044.0,48976.5,49043.0,0
695,20250214  10:55:00,49037.0,49065.0,49023.0,49050.5,0
696,20250214  11:00:00,49052.0,49069.0,48979.5,48985.0,0
697,20250214  11:05:00,48982.5,48995.0,48930.5,48933.5,0
698,20250214  11:10:00,48933.0,49060.0,48921.0,49035.5,0
699,20250214  11:15:00,49034.5,49039.5,48969.5,48972.5,0
700,20250214  11:20:00,48971.0,49020.0,48959.5,48963.5,0
701,20250214  11:25:00,48964.0,48992.5,48946.5,48948.5,0
702,20250214  11:30:00,48948.0,49003.5,48911.0,48979.0,0
703,20250214  11:35:00,48979.5,48999.0,48933.0,48939.5,0
704,20250214  11:40:00,48939.5,49040.0,48924.0,49033.0,0
705,20250214  11:45:00,49034.5,49041.0,48998.5,49001.5,0
706,20250214  11:50:00,49001.0,49052.0,48993.5,49029.0,0
707,20250214  11:55:00,49027.5,49074.0,49003.0,49063.0,0
708,20250214  12:00:00,49062.0,49069.5,48937.0,48941.0,0
709,20250214  12:05:00,48939.0,48972.5,48847.0,48861.0,0
710,20250214  12:10:00,48868.5,48896.0,48859.0,48865.0,0
711,20250214  12:15:00,48865.5,48889.5,48816.0,48821.5,0
712,20250214  12:20:00,48820.5,48857.5,48806.5,48855.0,0
713,20250214  12:25:00,48856.5,48916.0,48849.0,48891.5,0
714,20250214  12:30:00,48888.5,48918.0,48865.0,48893.0,0
715,20250214  12:35:00,48893.5,48942.0,48889.0,48936.0,0
716,20250214  12:40:00,48934.5,48934.5,48860.5,48878.5,0
717,20250214  12:45:00,48875.5,48912.0,48842.5,48843.5,0
718,20250214  12:50:00,48844.5,48902.5,48835.0,48835.0,0
719,20250214  12:55:00,48837.0,48862.5,48779.5,48779.5,0
720,20250214  13:00:00,48778.5,48811.0,48720.0,48771.5,0
721,20250214  13:05:00,48772.0,48809.0,48772.0,48775.0,0
722,20250214  13:10:00,48774.5,48838.5,48772.5,48816.0,0
723,20250214  13:15:00,48815.5,48871.5,48800.5,48850.0,0
724,20250214  13:20:00,48849.5,48891.5,48828.0,48847.5,0
725,20250214  13:25:00,48848.0,48885.5,48838.5,48851.5,0
726,20250214  13:30:00,48850.5,48870.0,48827.5,48856.5,0
727,20250214  13:35:00,48857.5,48859.5,48756.0,48763.0,0
728,20250214  13:40:00,48764.5,48807.0,48759.0,48795.5,0
729,20250214  13:45:00,48795.0,48810.0,48744.0,48752.0,0
730,20250214  13:50:00,48751.0,48782.0,48720.0,48729.5,0
731,20250214  13:55:00,48730.5,48771.5,48728.5,48764.0,0
732,20250214  14:00:00,48764.0,48784.5,48724.0,48727.5,0
733,20250214  14:05:00,48727.5,48785.0,48725.5,48772.5,0
734,20250214  14:10:00,48771.0,48782.0,48728.0,48777.5,0
735,20250214  14:15:00,48776.5,48876.5,48765.5,48867.5,0
736,20250214  14:20:00,48868.0,48910.0,48814.5,48820.0,0
737,20250214  14:25:00,48821.0,48915.5,48820.5,48905.5,0
738,20250214  14:30:00,48903.0,49042.0,48895.5,49037.0,0
739,20250214  14:35:00,49039.5,49184.5,49039.0,49090.0,0
740,20250214  14:40:00,49088.5,49243.5,49087.5,49199.5,0
741,20250214  14:45:00,49198.5,49206.5,49101.5,49152.0,0
742,20250214  14:50:00,49151.5,49178.5,49116.0,49143.0,0
743,20250214  14:55:00,49144.0,49144.0,49025.5,49108.5,0
744,20250214  15:00:00,49111.0,49141.5,49080.5,49084.5,0
745,20250214  15:05:00,49087.0,49153.5,49083.0,49109.5,0
746,20250214  15:10:00,49112.0,49135.0,49083.0,49109.5,0
747,20250214  15:15:00,49109.5,49114.0,49085.0,49099.5,0
748,20250214  15:20:00,49105.0,49105.5,49065.5,49088.0,0
749,20250214  15:25:00,49091.5,49122.5,49050.5,49058.0,0
750,20250217  09:15:00,48880.5,48963.5,48685.0,48827.0,0
751,20250217  09:20:00,48818.5,48942.0,48816.0,48903.5,0
752,20250217  09:25:00,48903.5,48995.5,48864.5,48913.0,0
753,20250217  09:30:00,48913.0,48935.5,48813.0,48894.0,0
754,20250217  09:35:00,48896.0,48953.0,48826.0,48847.0,0
755,20250217  09:40:00,48849.0,48891.0,48743.0,48754.5,0
756,20250217  09:45:00,48752.0,48833.0,48733.0,48799.0,0
757,20250217  09:50:00,48798.5,48799.0,48690.0,48693.0,0
758,20250217  09:55:00,48701.5,48705.5,48581.5,48645.0,0
759,20250217  10:00:00,48643.5,48644.0,48528.5,48540.5,0
760,20250217  10:05:00,48541.5,48616.0,48534.5,48599.0,0
761,20250217  10:10:00,48597.0,48599.5,48532.0,48569.0,0
762,20250217  10:15:00,48565.5,48600.5,48541.0,48597.0,0
763,20250217  10:20:00,48596.0,48715.0,48582.0,48655.0,0
764,20250217  10:25:00,48649.5,48743.5,48592.5,48742.5,0
765,20250217  10:30:00,48742.5,48847.0,48725.0,48807.5,0
766,20250217  10:35:00,48805.0,48979.0,48805.0,48908.5,0
767,20250217  10:40:00,48911.0,49008.5,48906.5,49008.5,0
768,20250217  10:45:00,49006.0,49036.5,48933.0,48944.0,0
769,20250217  10:50:00,48944.0,48988.5,48929.0,48955.5,0
770,20250217  10:55:00,48955.5,48967.0,48851.5,48887.0,0
771,20250217  11:00:00,48889.0,48925.5,48832.0,48844.0,0
772,20250217  11:05:00,48843.0,48846.0,48777.5,48807.0,0
773,20250217  11:10:00,48804.0,48817.5,48713.5,48742.0,0
774,20250217  11:15:00,48738.0,48771.0,48728.0,48740.5,0
775,20250217  11:20:00,48735.0,48798.5,48725.0,48791.5,0
776,20250217  11:25:00,48790.5,48817.5,48768.0,48793.5,0
777,20250217  11:30:00,48790.5,48843.0,48788.5,48832.0,0
778,20250217  11:35:00,48830.0,48839.5,48789.0,48806.5,0
779,20250217  11:40:00,48807.5,48893.0,48798.0,48891.0,0
780,20250217  11:45:00,48891.5,48905.5,48852.0,48877.0,0
781,20250217  11:50:00,48876.5,48882.0,48823.0,48850.0,0
782,20250217  11:55:00,48849.0,48898.5,48840.5,48875.0,0
783,20250217  12:00:00,48874.5,48948.5,48845.0,48863.0,0
784,20250217  12:05:00,48861.0,48880.0,48797.0,48830.0,0
785,20250217  12:10:00,48829.5,48853.5,48786.0,48789.0,0
786,20250217  12:15:00,48791.5,48815.5,48759.5,48770.5,0
787,20250217  12:20:00,48772.0,48775.5,48729.0,48761.5,0
788,20250217  12:25:00,48760.5,48797.5,48753.0,48787.0,0
789,20250217  12:30:00,48787.5,48812.5,48770.0,48798.0,0
790,20250217  12:35:00,48798.5,48804.5,48745.5,48767.0,0
791,20250217  12:40:00,48766.0,48850.5,48759.0,48835.5,0
792,20250217  12:45:00,48834.5,48923.0,48832.0,48836.5,0
793,20250217  12:50:00,48836.5,48893.5,48834.0,48853.0,0
794,20250217  12:55:00,48852.5,48922.5,48847.0,48920.0,0
795,20250217  13:00:00,48921.0,48987.5,48909.5,48919.0,0
796,20250217  13:05:00,48920.5,48922.0,48859.0,48861.0,0
797,20250217  13:10:00,48860.0,48904.5,48843.0,48851.5,0
798,20250217  13:15:00,48854.0,48878.5,48842.0,48857.5,0
799,20250217  13:20:00,48858.5,48938.5,48844.0,48925.5,0
800,20250217  13:25:00,48924.0,48956.5,48896.5,48919.0,0
801,20250217  13:30:00,48921.0,49088.0,48918.0,49088.0,0
802,20250217  13:35:00,49097.0,49162.5,49060.5,49123.5,0
803,20250217  13:40:00,49126.0,49225.0,49109.0,49171.5,0
804,20250217  13:45:00,49171.5,49203.0,49093.0,49139.0,0
805,20250217  13:50:00,49139.5,49178.0,49109.0,49123.5,0
806,20250217  13:55:00,49124.0,49126.5,49041.0,49077.0,0
807,20250217  14:00:00,49077.5,49168.0,49005.5,49027.5,0
808,20250217  14:05:00,49028.5,49077.0,49028.5,49036.5,0
809,20250217  14:10:00,49038.0,49099.0,49034.5,49052.0,0
810,20250217  14:15:00,49053.5,49130.5,49051.0,49126.5,0
811,20250217  14:20:00,49129.0,49131.5,49069.0,49108.0,0
812,20250217  14:25:00,49109.5,49167.0,49106.0,49149.0,0
813,20250217  14:30:00,49148.5,49149.0,49095.5,49109.5,0
814,20250217  14:35:00,49111.5,49126.5,49056.5,49109.0,0
815,20250217  14:40:00,49105.5,49160.0,49102.5,49139.5,0
816,20250217  14:45:00,49138.0,49182.5,49124.0,49149.5,0
817,20250217  14:50:00,49149.0,49149.5,49110.5,49125.0,0
818,20250217  14:55:00,49128.0,49231.0,49116.0,49221.0,0
819,20250217  15:00:00,49227.0,49285.0,49215.0,49238.0,0
820,20250217  15:05:00,49233.5,49256.0,49207.0,49254.0,0
821,20250217  15:10:00,49256.0,49275.5,49238.0,49275.5,0
822,20250217  15:15:00,49276.0,49278.5,49247.5,49267.0,0
823,20250217  15:20:00,49267.5,49302.5,49263.5,49289.5,0
824,20250217  15:25:00,49289.0,49319.0,49279.0,49280.0,0
825,20250218  09:15:00,49237.0,49318.5,49126.0,49128.5,0
826,20250218  09:20:00,49130.0,49137.0,49047.0,49047.0,0
827,20250218  09:25:00,49051.5,49089.0,49001.5,49022.5,0
828,20250218  09:30:00,49014.0,49015.5,48910.5,48980.5,0
829,20250218  09:35:00,48977.0,49073.0,48936.5,49053.5,0
830,20250218  09:40:00,49056.0,49107.0,49038.0,49080.0,0
831,20250218  09:45:00,49078.5,49121.5,49056.5,49106.5,0
832,20250218  09:50:00,49111.0,49191.5,49054.0,49081.0,0
833,20250218  09:55:00,49082.0,49111.0,49033.0,49050.5,0
834,20250218  10:00:00,49051.0,49119.0,49050.5,49101.5,0
835,20250218  10:05:00,49099.0,49108.5,49023.0,49023.5,0
836,20250218  10:10:00,49013.0,49038.0,48971.0,48980.5,0
837,20250218  10:15:00,48980.0,49027.5,48935.5,48936.0,0
838,20250218  10:20:00,48935.0,48936.5,48847.5,48923.5,0
839,20250218  10:25:00,48922.5,48924.0,48880.5,48903.0,0
840,20250218  10:30:00,48901.0,48930.0,48878.0,48879.5,0
841,20250218  10:35:00,48880.0,48915.0,48866.5,48911.5,0
842,20250218  10:40:00,48912.5,48932.5,48889.0,48920.5,0
843,20250218  10:45:00,48919.0,48951.5,48895.0,48895.0,0
844,20250218  10:50:00,48895.5,48984.0,48888.5,48983.0,0
845,20250218  10:55:00,48984.0,49008.5,48959.0,48984.5,0
846,20250218  11:00:00,48985.0,49002.5,48955.0,48962.5,0
847,20250218  11:05:00,48964.0,48969.5,48880.5,48887.5,0
848,20250218  11:10:00,48888.0,48892.5,48814.5,48867.0,0
849,20250218  11:15:00,48867.5,48937.0,48850.0,48927.5,0
850,20250218  11:20:00,48928.0,48960.5,48913.0,48915.0,0
851,20250218  11:25:00,48919.5,48937.0,48882.5,48935.5,0
852,20250218  11:30:00,48939.0,48982.0,48910.0,48977.5,0
853,20250218  11:35:00,48978.5,48991.0,48951.5,48977.0,0
854,20250218  11:40:00,48976.5,49034.0,48963.0,49025.5,0
855,20250218  11:45:00,49024.5,49089.0,49010.5,49022.0,0
856,20250218  11:50:00,49020.5,49022.5,48956.5,48970.0,0
857,20250218  11:55:00,48972.0,48984.5,48934.5,48939.0,0
858,20250218  12:00:00,48939.0,48970.0,48919.5,48961.5,0
859,20250218  12:05:00,48960.0,49025.0,48947.0,49017.0,0
860,20250218  12:10:00,49021.0,49041.0,49002.5,49012.5,0
861,20250218  12:15:00,49008.5,49052.5,48997.5,49052.5,0
862,20250218  12:20:00,49049.0,49058.5,48999.5,49007.0,0
863,20250218  12:25:00,49007.0,49065.5,48995.5,49046.0,0
864,20250218  12:30:00,49046.5,49095.5,49036.0,49092.0,0
865,20250218  12:35:00,49084.0,49105.0,49031.0,49042.0,0
866,20250218  12:40:00,49040.0,49056.5,49014.5,49014.5,0
867,20250218  12:45:00,49014.0,49033.5,49004.5,49005.5,0
868,20250218  12:50:00,49010.5,49014.0,48927.0,48951.5,0
869,20250218  12:55:00,48949.0,48962.0,48908.5,48945.5,0
870,20250218  13:00:00,48944.0,48989.0,48926.5,48963.0,0
871,20250218  13:05:00,48961.5,48996.5,48951.5,48988.5,0
872,20250218  13:10:00,48987.5,49009.5,48968.0,48996.5,0
873,20250218  13:15:00,48997.0,49032.0,48994.5,49011.5,0
874,20250218  13:20:00,49006.0,49043.0,48995.0,49030.0,0
875,20250218  13:25:00,49028.5,49063.5,48996.0,49050.5,0
876,20250218  13:30:00,49048.0,49076.5,49025.0,49060.0,0
877,20250218  13:35:00,49061.0,49086.0,49020.0,49041.5,0
878,20250218  13:40:00,49041.5,49136.5,49034.5,49106.0,0
879,20250218  13:45:00,49112.0,49117.5,49035.0,49042.0,0
880,20250218  13:50:00,49041.5,49066.5,49027.5,49059.0,0
881,20250218  13:55:00,49058.0,49073.5,49020.5,49055.0,0
882,20250218  14:00:00,49052.5,49088.0,49018.0,49019.5,0
883,20250218  14:05:00,49020.5,49070.5,49006.0,49064.5,0
884,20250218  14:10:00,49062.0,49096.0,49043.0,49047.0,0
885,20250218  14:15:00,49038.0,49077.5,49035.5,49065.5,0
886,20250218  14:20:00,49062.0,49094.5,49056.5,49089.0,0
887,20250218  14:25:00,49088.5,49126.5,49079.5,49126.5,0
888,20250218  14:30:00,49127.5,49146.5,49083.5,49097.0,0
889,20250218  14:35:00,49096.0,49143.5,49093.0,49128.0,0
890,20250218  14:40:00,49129.5,49147.0,49105.0,49131.5,0
891,20250218  14:45:00,49123.5,49158.0,49097.0,49150.5,0
892,20250218  14:50:00,49147.0,49158.5,49106.0,49121.0,0
893,20250218  14:55:00,49125.0,49129.0,49053.5,49104.0,0
894,20250218  15:00:00,49106.5,49139.5,49088.5,49093.0,0
895,20250218  15:05:00,49088.5,49117.0,49074.5,49081.0,0
896,20250218  15:10:00,49081.0,49104.0,49068.0,49086.0,0
897,20250218  15:15:00,49083.5,49097.5,49068.0,49092.0,0
898,20250218  15:20:00,49086.0,49092.0,49053.5,49082.0,0
899,20250218  15:25:00,49083.0,49100.0,49053.0,49064.0,0
900,20250219  09:15:00,48872.5,48968.5,48807.0,48963.0,0
901,20250219  09:20:00,48959.0,49038.5,48928.0,48989.0,0
902,20250219  09:25:00,48983.0,49088.5,48982.5,49086.0,0
903,20250219  09:30:00,49085.0,49169.0,49065.5,49160.5,0
904,20250219  09:35:00,49159.0,49233.0,49140.0,49221.5,0
905,20250219  09:40:00,49221.5,49283.5,49190.5,49283.5,0
906,20250219  09:45:00,49285.5,49472.5,49285.5,49446.5,0
907,20250219  09:50:00,49443.5,49456.5,49394.5,49417.5,0
908,20250219  09:55:00,49419.5,49491.5,49412.0,49468.0,0
909,20250219  10:00:00,49464.0,49478.5,49435.5,49451.0,0
910,20250219  10:05:00,49452.5,49484.5,49410.0,49418.0,0
911,20250219  10:10:00,49417.5,49510.0,49398.0,49505.0,0
912,20250219  10:15:00,49509.5,49605.5,49506.5,49601.0,0
913,20250219  10:20:00,49599.0,49626.5,49546.5,49564.5,0
914,20250219  10:25:00,49564.5,49575.5,49535.0,49566.5,0
915,20250219  10:30:00,49566.5,49603.0,49565.5,49577.5,0
916,20250219  10:35:00,49577.0,49580.5,49523.5,49577.5,0
917,20250219  10:40:00,49579.0,49623.5,49579.0,49590.0,0
918,20250219  10:45:00,49588.0,49592.5,49502.0,49502.0,0
919,20250219  10:50:00,49502.0,49503.0,49416.5,49441.5,0
920,20250219  10:55:00,49441.5,49442.5,49350.0,49375.0,0
921,20250219  11:00:00,49373.5,49467.5,49362.0,49438.5,0
922,20250219  11:05:00,49438.0,49471.0,49401.5,49419.0,0
923,20250219  11:10:00,49420.5,49502.5,49396.5,49502.5,0
924,20250219  11:15:00,49504.0,49544.0,49452.5,49477.5,0
925,20250219  11:20:00,49476.0,49493.5,49456.0,49489.5,0
926,20250219  11:25:00,49488.5,49492.0,49407.5,49444.0,0
927,20250219  11:30:00,49442.5,49498.0,49428.5,49494.0,0
928,20250219  11:35:00,49493.0,49496.0,49462.5,49472.0,0
929,20250219  11:40:00,49471.5,49484.0,49442.0,49465.5,0
930,20250219  11:45:00,49464.0,49484.0,49463.0,49473.5,0
931,20250219  11:50:00,49475.0,49555.5,49474.0,49544.5,0
932,20250219  11:55:00,49545.5,49586.5,49542.5,49575.5,0
933,20250219  12:00:00,49574.5,49584.0,49537.5,49552.5,0
934,20250219  12:05:00,49550.5,49567.0,49534.0,49537.0,0
935,20250219  12:10:00,49537.5,49554.0,49509.0,49511.5,0
936,20250219  12:15:00,49510.0,49561.0,49494.5,49534.5,0
937,20250219  12:20:00,49535.0,49560.0,49511.5,49527.5,0
938,20250219  12:25:00,49528.5,49532.5,49477.5,49485.0,0
939,20250219  12:30:00,49484.0,49503.5,49470.5,49481.5,0
940,20250219  12:35:00,49480.5,49531.5,49464.5,49484.0,0
941,20250219  12:40:00,49483.5,49495.0,49432.5,49453.0,0
942,20250219  12:45:00,49451.0,49472.5,49431.0,49446.5,0
943,20250219  12:50:00,49444.5,49492.5,49444.0,49459.5,0
944,20250219  12:55:00,49459.0,49485.0,49449.5,49476.5,0
945,20250219  13:00:00,49477.0,49493.5,49463.0,49480.0,0
946,20250219  13:05:00,49480.5,49493.0,49419.0,49441.5,0
947,20250219  13:10:00,49441.5,49464.0,49423.5,49460.0,0
948,20250219  13:15:00,49464.0,49480.0,49443.5,49473.0,0
949,20250219  13:20:00,49473.5,49491.5,49458.5,49464.5,0
950,20250219  13:25:00,49465.5,49485.0,49441.5,49472.0,0
951,20250219  13:30:00,49471.5,49513.0,49468.5,49497.5,0
952,20250219  13:35:00,49498.5,49538.5,49497.0,49511.0,0
953,20250219  13:40:00,49511.5,49533.5,49480.5,49484.5,0
954,20250219  13:45:00,49481.5,49502.5,49476.0,49491.0,0
955,20250219  13:50:00,49489.5,49525.0,49455.5,49458.5,0
956,20250219  13:55:00,49458.5,49475.5,49430.5,49439.0,0
957,20250219  14:00:00,49439.0,49468.5,49432.5,49451.0,0
958,20250219  14:05:00,49451.0,49472.0,49436.0,49471.0,0
959,20250219  14:10:00,49469.5,49506.5,49463.0,49486.0,0
960,20250219  14:15:00,49485.0,49490.5,49320.5,49342.5,0
961,20250219  14:20:00,49336.5,49375.5,49310.5,49341.0,0
962,20250219  14:25:00,49341.0,49375.0,49288.0,49288.0,0
963,20250219  14:30:00,49286.5,49354.0,49279.5,49353.5,0
964,20250219  14:35:00,49354.5,49435.5,49354.0,49393.5,0
965,20250219  14:40:00,49390.5,49405.0,49365.0,49381.0,0
966,20250219  14:45:00,49376.5,49461.0,49371.5,49449.0,0
967,20250219  14:50:00,49445.5,49534.0,49444.0,49526.5,0
968,20250219  14:55:00,49528.5,49558.5,49500.5,49535.5,0
969,20250219  15:00:00,49535.0,49588.0,49535.0,49565.5,0
970,20250219  15:05:00,49568.0,49597.0,49560.5,49585.5,0
971,20250219  15:10:00,49589.5,49608.0,49574.0,49579.5,0
972,20250219  15:15:00,49580.5,49580.5,49544.5,49567.0,0
973,20250219  15:20:00,49567.0,49572.5,49545.5,49555.5,0
974,20250219  15:25:00,49558.0,49566.0,49510.5,49519.5,0
975,20250220  09:15:00,49314.0,49455.5,49308.0,49367.5,0
976,20250220  09:20:00,49371.0,49373.0,49264.0,49266.0,0
977,20250220  09:25:00,49266.5,49281.0,49203.0,49244.5,0
978,20250220  09:30:00,49245.0,49308.5,49232.0,49298.5,0
979,20250220  09:35:00,49298.5,49362.0,49294.5,49336.5,0
980,20250220  09:40:00,49336.5,49344.0,49256.0,49293.0,0
981,20250220  09:45:00,49292.0,49295.0,49151.0,49179.0,0
982,20250220  09:50:00,49178.5,49267.5,49163.0,49238.0,0
983,20250220  09:55:00,49244.0,49279.5,49196.0,49264.0,0
984,20250220  10:00:00,49265.5,49272.5,49223.0,49269.5,0
985,20250220  10:05:00,49269.5,49296.0,49232.5,49293.5,0
986,20250220  10:10:00,49293.5,49305.0,49239.5,49251.5,0
987,20250220  10:15:00,49252.0,49293.5,49240.0,49279.0,0
988,20250220  10:20:00,49281.0,49332.5,49271.5,49293.0,0
989,20250220  10:25:00,49293.0,49310.5,49257.5,49265.0,0
990,20250220  10:30:00,49260.5,49313.0,49252.5,49306.0,0
991,20250220  10:35:00,49305.5,49338.0,49289.0,49291.5,0
992,20250220  10:40:00,49291.0,49294.0,49260.0,49279.5,0
993,20250220  10:45:00,49281.0,49306.5,49259.0,49285.5,0
994,20250220  10:50:00,49286.0,49293.0,49269.5,49276.5,0
995,20250220  10:55:00,49277.0,49279.5,49259.0,49269.0,0
996,20250220  11:00:00,49271.5,49311.0,49271.5,49305.0,0
997,20250220  11:05:00,49306.5,49337.5,49294.0,49337.5,0
998,20250220  11:10:00,49337.5,49338.0,49306.5,49330.0,0
999,20250220  11:15:00,49329.5,49346.5,49306.0,49326.0,0
1000,20250220  11:20:00,49325.5,49328.5,49296.0,49303.0,0
1001,20250220  11:25:00,49303.5,49323.0,49278.0,49322.0,0
1002,20250220  11:30:00,49322.5,49338.5,49322.0,49338.0,0
1003,20250220  11:35:00,49335.5,49336.0,49296.0,49321.5,0
1004,20250220  11:40:00,49323.0,49332.0,49314.0,49317.0,0
1005,20250220  11:45:00,49316.5,49326.0,49267.5,49289.5,0
1006,20250220  11:50:00,49290.0,49295.0,49262.0,49274.0,0
1007,20250220  11:55:00,49274.0,49277.5,49247.5,49256.0,0
1008,20250220  12:00:00,49256.0,49282.0,49246.0,49282.0,0
1009,20250220  12:05:00,49288.0,49294.5,49252.5,49267.5,0
1010,20250220  12:10:00,49269.5,49269.5,49234.5,49235.5,0
1011,20250220  12:15:00,49233.5,49255.0,49221.5,49253.5,0
1012,20250220  12:20:00,49252.5,49264.5,49227.5,49238.0,0
1013,20250220  12:25:00,49237.5,49261.0,49237.0,49255.5,0
1014,20250220  12:30:00,49255.5,49282.5,49239.0,49259.0,0
1015,20250220  12:35:00,49262.5,49287.0,49254.5,49286.5,0
1016,20250220  12:40:00,49285.0,49302.5,49276.0,49280.0,0
1017,20250220  12:45:00,49279.5,49290.5,49259.0,49268.5,0
1018,20250220  12:50:00,49268.0,49297.0,49257.5,49292.5,0
1019,20250220  12:55:00,49291.5,49298.0,49276.0,49295.5,0
1020,20250220  13:00:00,49296.5,49297.0,49229.5,49253.5,0
1021,20250220  13:05:00,49252.5,49289.0,49249.5,49277.0,0
1022,20250220  13:10:00,49276.5,49279.5,49247.5,49254.5,0
1023,20250220  13:15:00,49254.0,49261.0,49238.0,49256.5,0
1024,20250220  13:20:00,49255.5,49260.0,49237.5,49253.5,0
1025,20250220  13:25:00,49253.5,49258.0,49233.5,49250.0,0
1026,20250220  13:30:00,49250.5,49289.5,49246.0,49288.0,0
1027,20250220  13:35:00,49287.5,49314.0,49283.0,49291.0,0
1028,20250220  13:40:00,49293.0,49350.0,49290.0,49350.0,0
1029,20250220  13:45:00,49349.5,49386.0,49330.5,49371.0,0
1030,20250220  13:50:00,49367.5,49396.5,49346.5,49393.0,0
1031,20250220  13:55:00,49392.0,49395.5,49347.5,49362.0,0
1032,20250220  14:00:00,49361.5,49370.5,49350.5,49357.0,0
1033,20250220  14:05:00,49357.0,49358.0,49307.5,49328.5,0
1034,20250220  14:10:00,49330.5,49351.5,49326.5,49338.5,0
1035,20250220  14:15:00,49337.5,49345.5,49321.0,49333.0,0
1036,20250220  14:20:00,49331.5,49372.5,49330.0,49372.0,0
1037,20250220  14:25:00,49371.5,49385.0,49360.5,49361.0,0
1038,20250220  14:30:00,49363.0,49369.0,49337.0,49347.0,0
1039,20250220  14:35:00,49349.0,49384.0,49346.0,49371.0,0
1040,20250220  14:40:00,49370.5,49383.5,49361.5,49371.0,0
1041,20250220  14:45:00,49371.0,49397.5,49363.5,49375.0,0
1042,20250220  14:50:00,49374.5,49381.5,49349.0,49352.0,0
1043,20250220  14:55:00,49357.0,49385.0,49350.5,49376.0,0
1044,20250220  15:00:00,49374.0,49395.0,49349.0,49358.5,0
1045,20250220  15:05:00,49359.0,49366.5,49345.5,49352.0,0
1046,20250220  15:10:00,49353.5,49359.5,49334.0,49342.5,0
1047,20250220  15:15:00,49342.5,49344.5,49324.0,49331.5,0
1048,20250220  15:20:00,49332.0,49335.0,49306.0,49313.0,0
1049,20250220  15:25:00,49312.5,49323.5,49281.5,49289.5,0
1050,20250221  09:15:00,49143.0,49297.0,49137.0,49289.5,0
1051,20250221  09:20:00,49285.5,49304.5,49264.5,49282.0,0
1052,20250221  09:25:00,49279.0,49280.5,49217.5,49233.5,0
1053,20250221  09:30:00,49229.5,49242.0,49177.0,49184.5,0
1054,20250221  09:35:00,49189.0,49210.5,49155.5,49156.0,0
1055,20250221  09:40:00,49156.5,49161.0,49043.5,49055.0,0
1056,20250221  09:45:00,49055.5,49076.0,49007.5,49014.5,0
1057,20250221  09:50:00,49015.5,49022.0,48943.5,48951.0,0
1058,20250221  09:55:00,48955.0,49002.5,48915.0,48919.0,0
1059,20250221  10:00:00,48917.5,48972.5,48899.5,48948.0,0
1060,20250221  10:05:00,48949.0,48955.5,48922.5,48940.0,0
1061,20250221  10:10:00,48941.0,48955.0,48827.0,48827.5,0
1062,20250221  10:15:00,48827.0,48859.0,48766.5,48847.5,0
1063,20250221  10:20:00,48846.0,48897.0,48836.0,48850.0,0
1064,20250221  10:25:00,48849.5,48867.0,48821.0,48821.0,0
1065,20250221  10:30:00,48822.0,48874.5,48816.5,48857.5,0
1066,20250221  10:35:00,48858.0,48873.5,48836.0,48862.0,0
1067,20250221  10:40:00,48859.5,48881.5,48846.5,48877.5,0
1068,20250221  10:45:00,48875.5,48908.5,48834.5,48834.5,0
1069,20250221  10:50:00,48836.0,48849.5,48793.5,48832.0,0
1070,20250221  10:55:00,48832.5,48887.5,48828.0,48885.5,0
1071,20250221  11:00:00,48885.5,48931.0,48885.5,48893.5,0
1072,20250221  11:05:00,48895.5,48904.0,48829.5,48835.0,0
1073,20250221  11:10:00,48834.5,48919.0,48824.5,48917.0,0
1074,20250221  11:15:00,48917.0,48917.5,48878.0,48890.0,0
1075,20250221  11:20:00,48890.5,48908.0,48890.0,48893.0,0
1076,20250221  11:25:00,48892.0,48915.5,48883.0,48908.5,0
1077,20250221  11:30:00,48907.5,48928.0,48896.5,48927.0,0
1078,20250221  11:35:00,48926.5,49002.0,48926.0,48982.0,0
1079,20250221  11:40:00,48982.0,48992.0,48956.5,48961.5,0
1080,20250221  11:45:00,48962.5,48979.0,48934.0,48944.0,0
1081,20250221  11:50:00,48945.5,48977.0,48941.0,48963.0,0
1082,20250221  11:55:00,48963.0,48978.5,48940.0,48948.5,0
1083,20250221  12:00:00,48949.0,48971.5,48929.5,48933.0,0
1084,20250221  12:05:00,48934.5,48953.5,48915.0,48925.0,0
1085,20250221  12:10:00,48927.0,48949.5,48920.5,48944.5,0
1086,20250221  12:15:00,48945.5,48979.5,48940.0,48965.0,0
1087,20250221  12:20:00,48968.0,48988.0,48962.0,48982.0,0
1088,20250221  12:25:00,48984.0,49022.5,48972.0,49018.0,0
1089,20250221  12:30:00,49015.0,49065.0,49005.0,49063.5,0
1090,20250221  12:35:00,49063.0,49070.0,49028.5,49040.0,0
1091,20250221  12:40:00,49033.5,49041.0,49003.5,49007.0,0
1092,20250221  12:45:00,49004.0,49015.0,48974.0,49011.0,0
1093,20250221  12:50:00,49007.0,49014.5,48973.0,48978.5,0
1094,20250221  12:55:00,48974.0,48997.0,48950.0,48962.0,0
1095,20250221  13:00:00,48954.5,48962.0,48881.0,48903.0,0
1096,20250221  13:05:00,48904.5,48929.0,48900.5,48907.5,0
1097,20250221  13:10:00,48908.0,48937.0,48906.5,48921.5,0
1098,20250221  13:15:00,48921.0,48948.5,48896.0,48932.0,0
1099,20250221  13:20:00,48932.0,48933.5,48904.0,48909.5,0
1100,20250221  13:25:00,48908.0,48921.0,48837.5,48845.0,0
1101,20250221  13:30:00,48841.5,48889.0,48835.5,48881.0,0
1102,20250221  13:35:00,48882.0,48894.5,48817.0,48825.0,0
1103,20250221  13:40:00,48827.0,48845.5,48813.5,48833.0,0
1104,20250221  13:45:00,48836.0,48851.0,48799.5,48850.0,0
1105,20250221  13:50:00,48847.5,48892.0,48843.0,48891.5,0
1106,20250221  13:55:00,48891.0,48900.0,48874.5,48881.0,0
1107,20250221  14:00:00,48882.0,48914.0,48856.0,48883.0,0
1108,20250221  14:05:00,48882.0,48947.0,48882.0,48932.5,0
1109,20250221  14:10:00,48931.0,48962.0,48927.0,48952.0,0
1110,20250221  14:15:00,48952.5,48981.5,48928.0,48979.5,0
1111,20250221  14:20:00,48982.5,48989.0,48940.0,48946.0,0
1112,20250221  14:25:00,48947.5,48953.5,48882.5,48891.5,0
1113,20250221  14:30:00,48887.0,48902.5,48862.0,48874.5,0
1114,20250221  14:35:00,48874.0,48942.0,48869.5,48939.5,0
1115,20250221  14:40:00,48939.5,49004.5,48938.0,48995.5,0
1116,20250221  14:45:00,48994.0,49021.0,48965.5,49017.0,0
1117,20250221  14:50:00,49015.0,49058.5,48998.0,49002.5,0
1118,20250221  14:55:00,48997.0,49002.0,48959.0,48964.0,0
1119,20250221  15:00:00,48961.0,49033.0,48961.0,49014.0,0
1120,20250221  15:05:00,49015.5,49031.5,48998.5,49016.5,0
1121,20250221  15:10:00,49011.5,49032.5,49002.5,49007.5,0
1122,20250221  15:15:00,49008.5,49011.5,48918.0,48949.5,0
1123,20250221  15:20:00,48948.5,48954.0,48924.5,48935.5,0
1124,20250221  15:25:00,48935.5,48961.0,48885.0,48908.5,0
1125,20250224  09:15:00,48626.5,48740.5,48575.0,48580.5,0
1126,20250224  09:20:00,48581.5,48581.5,48513.0,48529.0,0
1127,20250224  09:25:00,48537.0,48573.0,48497.0,48510.0,0
1128,20250224  09:30:00,48505.5,48563.5,48503.5,48524.5,0
1129,20250224  09:35:00,48524.0,48561.0,48435.0,48438.0,0
1130,20250224  09:40:00,48440.0,48448.0,48284.5,48317.5,0
1131,20250224  09:45:00,48319.0,48441.0,48313.0,48425.5,0
1132,20250224  09:50:00,48425.0,48468.0,48412.5,48419.0,0
1133,20250224  09:55:00,48416.5,48441.5,48389.5,48437.5,0
1134,20250224  10:00:00,48434.0,48446.5,48397.5,48428.5,0
1135,20250224  10:05:00,48429.0,48434.0,48394.5,48432.0,0
1136,20250224  10:10:00,48430.5,48469.0,48412.0,48426.0,0
1137,20250224  10:15:00,48426.0,48449.0,48412.5,48441.5,0
1138,20250224  10:20:00,48440.0,48460.5,48391.0,48415.0,0
1139,20250224  10:25:00,48409.0,48465.5,48401.0,48458.5,0
1140,20250224  10:30:00,48456.0,48496.0,48454.0,48485.0,0
1141,20250224  10:35:00,48485.5,48486.5,48442.0,48470.0,0
1142,20250224  10:40:00,48468.5,48479.5,48415.0,48416.5,0
1143,20250224  10:45:00,48415.0,48464.5,48408.0,48463.0,0
1144,20250224  10:50:00,48460.0,48461.5,48420.5,48427.5,0
1145,20250224  10:55:00,48427.5,48434.0,48378.0,48401.0,0
1146,20250224  11:00:00,48397.5,48406.0,48382.0,48387.0,0
1147,20250224  11:05:00,48388.5,48414.0,48371.5,48407.5,0
1148,20250224  11:10:00,48405.0,48427.0,48394.0,48394.5,0
1149,20250224  11:15:00,48392.5,48425.5,48384.0,48418.5,0
1150,20250224  11:20:00,48418.5,48432.0,48409.5,48428.5,0
1151,20250224  11:25:00,48428.0,48450.5,48406.5,48444.5,0
1152,20250224  11:30:00,48442.5,48458.0,48423.5,48452.0,0
1153,20250224  11:35:00,48450.5,48468.0,48445.5,48465.5,0
1154,20250224  11:40:00,48465.0,48567.0,48461.5,48558.5,0
1155,20250224  11:45:00,48559.0,48660.5,48526.5,48644.5,0
1156,20250224  11:50:00,48648.0,48656.5,48610.0,48648.5,0
1157,20250224  11:55:00,48653.0,48687.0,48568.5,48573.0,0
1158,20250224  12:00:00,48572.5,48598.5,48546.0,48553.0,0
1159,20250224  12:05:00,48551.5,48553.5,48508.5,48524.5,0
1160,20250224  12:10:00,48528.0,48555.5,48510.0,48522.0,0
1161,20250224  12:15:00,48521.5,48550.5,48508.0,48541.0,0
1162,20250224  12:20:00,48537.5,48573.0,48534.5,48566.0,0
1163,20250224  12:25:00,48565.0,48596.5,48547.0,48574.5,0
1164,20250224  12:30:00,48572.0,48605.5,48557.0,48591.0,0
1165,20250224  12:35:00,48589.0,48615.0,48585.5,48608.5,0
1166,20250224  12:40:00,48607.5,48608.5,48543.0,48548.5,0
1167,20250224  12:45:00,48549.5,48575.0,48541.5,48555.5,0
1168,20250224  12:50:00,48557.0,48590.0,48546.5,48590.0,0
1169,20250224  12:55:00,48593.0,48642.0,48586.0,48616.5,0
1170,20250224  13:00:00,48616.5,48645.0,48592.0,48644.5,0
1171,20250224  13:05:00,48643.5,48661.5,48629.0,48635.5,0
1172,20250224  13:10:00,48636.5,48638.5,48592.0,48594.0,0
1173,20250224  13:15:00,48593.5,48605.5,48578.5,48601.5,0
1174,20250224  13:20:00,48606.5,48636.0,48558.0,48560.0,0
1175,20250224  13:25:00,48558.5,48572.0,48539.5,48566.5,0
1176,20250224  13:30:00,48566.0,48590.5,48562.0,48578.5,0
1177,20250224  13:35:00,48581.0,48590.0,48514.5,48534.5,0
1178,20250224  13:40:00,48534.5,48551.5,48517.5,48540.5,0
1179,20250224  13:45:00,48541.0,48546.5,48514.5,48536.0,0
1180,20250224  13:50:00,48536.0,48590.0,48530.5,48587.5,0
1181,20250224  13:55:00,48589.0,48598.5,48566.0,48594.0,0
1182,20250224  14:00:00,48593.0,48622.0,48573.0,48602.5,0
1183,20250224  14:05:00,48603.0,48611.5,48547.0,48557.5,0
1184,20250224  14:10:00,48556.5,48591.5,48555.0,48573.5,0
1185,20250224  14:15:00,48575.5,48634.0,48564.0,48627.0,0
1186,20250224  14:20:00,48632.5,48643.5,48579.0,48602.5,0
1187,20250224  14:25:00,48603.5,48620.0,48581.0,48601.5,0
1188,20250224  14:30:00,48602.0,48645.0,48601.5,48641.5,0
1189,20250224  14:35:00,48642.0,48718.0,48635.0,48672.0,0
1190,20250224  14:40:00,48670.0,48696.0,48654.5,48686.5,0
1191,20250224  14:45:00,48687.5,48727.5,48669.0,48680.5,0
1192,20250224  14:50:00,48683.5,48748.5,48680.5,48711.5,0
1193,20250224  14:55:00,48713.0,48713.5,48689.0,48702.0,0
1194,20250224  15:00:00,48700.5,48720.0,48633.0,48642.5,0
1195,20250224  15:05:00,48644.0,48684.5,48640.5,48674.0,0
1196,20250224  15:10:00,48676.0,48686.0,48647.5,48655.0,0
1197,20250224  15:15:00,48653.5,48657.0,48619.5,48629.5,0
1198,20250224  15:20:00,48629.0,48644.5,48620.0,48641.5,0
1199,20250224  15:25:00,48641.0,48690.0,48641.0,48657.5,0
1200,20250225  09:15:00,48688.5,48862.0,48688.0,48713.5,0
1201,20250225  09:20:00,48713.0,48773.5,48698.0,48766.0,0
1202,20250225  09:25:00,48764.5,48770.0,48671.0,48677.5,0
1203,20250225  09:30:00,48675.5,48735.5,48649.0,48724.5,0
1204,20250225  09:35:00,48725.0,48773.0,48706.5,48754.5,0
1205,20250225  09:40:00,48762.5,48809.0,48758.0,48790.0,0
1206,20250225  09:45:00,48792.0,48841.0,48745.5,48827.0,0
1207,20250225  09:50:00,48829.5,48841.0,48781.0,48815.0,0
1208,20250225  09:55:00,48814.5,48817.0,48766.5,48791.0,0
1209,20250225  10:00:00,48792.0,48798.5,48754.5,48770.5,0
1210,20250225  10:05:00,48772.5,48786.0,48745.0,48750.0,0
1211,20250225  10:10:00,48750.5,48796.0,48736.5,48787.0,0
1212,20250225  10:15:00,48787.5,48794.5,48667.5,48682.5,0
1213,20250225  10:20:00,48684.5,48695.5,48651.0,48665.5,0
1214,20250225  10:25:00,48663.0,48681.0,48639.5,48646.5,0
1215,20250225  10:30:00,48647.0,48665.0,48626.0,48663.5,0
1216,20250225  10:35:00,48669.0,48694.5,48654.5,48677.0,0
1217,20250225  10:40:00,48677.5,48710.0,48667.0,48673.5,0
1218,20250225  10:45:00,48675.0,48676.0,48592.0,48599.0,0
1219,20250225  10:50:00,48597.5,48619.0,48577.0,48617.5,0
1220,20250225  10:55:00,48617.0,48636.5,48595.5,48612.0,0
1221,20250225  11:00:00,48612.5,48629.0,48588.5,48626.5,0
1222,20250225  11:05:00,48626.0,48652.5,48607.0,48647.5,0
1223,20250225  11:10:00,48648.0,48649.0,48618.5,48627.5,0
1224,20250225  11:15:00,48630.0,48641.0,48613.0,48622.0,0
1225,20250225  11:20:00,48622.5,48629.0,48604.0,48627.5,0
1226,20250225  11:25:00,48625.0,48628.0,48602.5,48613.5,0
1227,20250225  11:30:00,48614.0,48618.0,48582.0,48606.0,0
1228,20250225  11:35:00,48606.5,48630.0,48604.0,48624.0,0
1229,20250225  11:40:00,48626.5,48634.0,48600.5,48632.5,0
1230,20250225  11:45:00,48632.5,48653.0,48611.5,48616.5,0
1231,20250225  11:50:00,48616.5,48628.5,48596.5,48626.5,0
1232,20250225  11:55:00,48626.0,48648.0,48619.5,48641.5,0
1233,20250225  12:00:00,48640.0,48647.0,48618.0,48627.5,0
1234,20250225  12:05:00,48626.5,48666.0,48623.0,48650.5,0
1235,20250225  12:10:00,48652.0,48666.5,48641.5,48652.0,0
1236,20250225  12:15:00,48650.5,48706.5,48643.0,48662.0,0
1237,20250225  12:20:00,48658.5,48686.0,48653.5,48672.0,0
1238,20250225  12:25:00,48674.0,48693.5,48658.0,48674.0,0
1239,20250225  12:30:00,48672.5,48683.0,48659.5,48672.5,0
1240,20250225  12:35:00,48670.5,48680.0,48645.5,48656.0,0
1241,20250225  12:40:00,48655.5,48662.0,48642.0,48651.0,0
1242,20250225  12:45:00,48652.5,48671.0,48647.0,48649.5,0
1243,20250225  12:50:00,48650.0,48660.0,48641.0,48650.0,0
1244,20250225  12:55:00,48649.5,48671.0,48642.0,48647.5,0
1245,20250225  13:00:00,48649.0,48660.0,48644.0,48647.0,0
1246,20250225  13:05:00,48647.0,48693.5,48639.0,48689.5,0
1247,20250225  13:10:00,48687.5,48705.5,48665.0,48669.0,0
1248,20250225  13:15:00,48668.5,48683.0,48651.0,48653.0,0
1249,20250225  13:20:00,48650.5,48662.5,48629.0,48637.0,0
1250,20250225  13:25:00,48635.0,48652.5,48630.0,48650.0,0
1251,20250225  13:30:00,48652.5,48674.0,48648.5,48666.0,0
1252,20250225  13:35:00,48660.0,48684.5,48655.5,48673.0,0
1253,20250225  13:40:00,48671.5,48699.0,48662.0,48686.0,0
1254,20250225  13:45:00,48684.5,48706.5,48679.5,48686.5,0
1255,20250225  13:50:00,48684.5,48699.0,48660.0,48662.0,0
1256,20250225  13:55:00,48661.5,48676.5,48647.0,48655.5,0
1257,20250225  14:00:00,48655.5,48675.0,48652.0,48659.0,0
1258,20250225  14:05:00,48661.5,48665.0,48634.0,48660.5,0
1259,20250225  14:10:00,48657.5,48664.0,48640.0,48655.0,0
1260,20250225  14:15:00,48651.0,48662.0,48627.5,48637.5,0
1261,20250225  14:20:00,48638.0,48652.0,48621.0,48642.0,0
1262,20250225  14:25:00,48638.5,48661.0,48636.5,48640.5,0
1263,20250225  14:30:00,48640.5,48655.0,48636.0,48644.5,0
1264,20250225  14:35:00,48645.5,48650.0,48629.5,48634.0,0
1265,20250225  14:40:00,48635.5,48649.0,48628.5,48644.5,0
1266,20250225  14:45:00,48643.0,48649.5,48620.5,48638.5,0
1267,20250225  14:50:00,48639.0,48645.0,48620.0,48639.0,0
1268,20250225  14:55:00,48638.0,48648.0,48628.0,48646.5,0
1269,20250225  15:00:00,48645.5,48656.0,48619.5,48620.5,0
1270,20250225  15:05:00,48625.0,48629.0,48599.0,48624.5,0
1271,20250225  15:10:00,48626.0,48645.5,48614.5,48619.5,0
1272,20250225  15:15:00,48623.0,48639.0,48587.5,48597.0,0
1273,20250225  15:20:00,48601.5,48611.5,48568.5,48580.5,0
1274,20250225  15:25:00,48583.0,48596.5,48539.5,48591.0,0
1275,20250227  09:15:00,48757.0,48867.0,48746.5,48819.5,0
1276,20250227  09:20:00,48817.0,48849.0,48816.5,48843.5,0
1277,20250227  09:25:00,48845.5,48853.0,48813.5,48829.5,0
1278,20250227  09:30:00,48829.0,48930.0,48794.5,48916.0,0
1279,20250227  09:35:00,48917.5,48973.0,48856.0,48860.5,0
1280,20250227  09:40:00,48863.0,48919.5,48857.0,48898.0,0
1281,20250227  09:45:00,48897.5,48909.5,48860.5,48861.0,0
1282,20250227  09:50:00,48861.0,48886.0,48844.5,48876.5,0
1283,20250227  09:55:00,48877.5,48897.5,48851.5,48884.5,0
1284,20250227  10:00:00,48883.5,48894.0,48862.0,48879.5,0
1285,20250227  10:05:00,48879.5,48923.5,48871.0,48901.5,0
1286,20250227  10:10:00,48902.5,48913.0,48875.0,48895.0,0
1287,20250227  10:15:00,48894.0,48905.5,48877.5,48887.0,0
1288,20250227  10:20:00,48888.5,48894.5,48873.5,48883.0,0
1289,20250227  10:25:00,48883.0,48939.5,48877.5,48918.5,0
1290,20250227  10:30:00,48919.5,48946.5,48906.5,48941.5,0
1291,20250227  10:35:00,48942.0,48942.0,48922.0,48939.5,0
1292,20250227  10:40:00,48940.5,48951.5,48920.5,48923.0,0
1293,20250227  10:45:00,48924.0,48934.5,48907.0,48930.0,0
1294,20250227  10:50:00,48929.0,48934.5,48908.0,48914.0,0
1295,20250227  10:55:00,48909.5,48925.0,48892.5,48901.0,0
1296,20250227  11:00:00,48900.0,48920.5,48886.5,48901.5,0
1297,20250227  11:05:00,48901.0,48909.5,48882.0,48895.0,0
1298,20250227  11:10:00,48893.0,48909.5,48886.5,48908.5,0
1299,20250227  11:15:00,48908.5,48914.0,48890.5,48899.5,0
1300,20250227  11:20:00,48899.0,48912.0,48893.5,48901.0,0
1301,20250227  11:25:00,48903.5,48909.0,48893.0,48900.5,0
1302,20250227  11:30:00,48901.0,48904.5,48871.5,48877.5,0
1303,20250227  11:35:00,48877.0,48882.5,48862.0,48870.0,0
1304,20250227  11:40:00,48870.0,48890.5,48866.5,48876.0,0
1305,20250227  11:45:00,48876.0,48889.5,48871.5,48884.0,0
1306,20250227  11:50:00,48885.5,48898.5,48878.0,48885.0,0
1307,20250227  11:55:00,48884.0,48888.5,48861.5,48864.0,0
1308,20250227  12:00:00,48865.0,48872.5,48849.5,48862.5,0
1309,20250227  12:05:00,48863.0,48868.0,48853.0,48862.0,0
1310,20250227  12:10:00,48862.5,48877.5,48854.0,48875.5,0
1311,20250227  12:15:00,48874.5,48888.0,48868.5,48879.0,0
1312,20250227  12:20:00,48880.5,48894.5,48878.5,48886.5,0
1313,20250227  12:25:00,48886.0,48897.0,48876.5,48877.5,0
1314,20250227  12:30:00,48875.5,48892.0,48858.5,48864.0,0
1315,20250227  12:35:00,48863.5,48867.0,48833.0,48840.0,0
1316,20250227  12:40:00,48842.5,48863.5,48836.0,48862.0,0
1317,20250227  12:45:00,48864.0,48864.0,48847.5,48855.5,0
1318,20250227  12:50:00,48855.5,48858.0,48839.0,48849.0,0
1319,20250227  12:55:00,48850.0,48856.5,48837.5,48843.0,0
1320,20250227  13:00:00,48844.0,48853.5,48830.0,48835.0,0
1321,20250227  13:05:00,48835.5,48847.5,48832.0,48844.0,0
1322,20250227  13:10:00,48843.5,48854.0,48838.5,48843.0,0
1323,20250227  13:15:00,48844.5,48861.0,48840.5,48858.5,0
1324,20250227  13:20:00,48860.0,48879.5,48854.0,48869.5,0
1325,20250227  13:25:00,48870.0,48880.0,48854.0,48880.0,0
1326,20250227  13:30:00,48876.0,48903.0,48863.0,48893.0,0
1327,20250227  13:35:00,48895.0,48897.5,48867.0,48889.0,0
1328,20250227  13:40:00,48887.5,48896.5,48873.0,48887.5,0
1329,20250227  13:45:00,48888.5,48891.5,48869.0,48883.5,0
1330,20250227  13:50:00,48888.0,48888.0,48866.0,48879.0,0
1331,20250227  13:55:00,48878.5,48881.5,48862.5,48877.5,0
1332,20250227  14:00:00,48878.0,48888.5,48858.5,48862.5,0
1333,20250227  14:05:00,48865.5,48874.0,48843.5,48855.0,0
1334,20250227  14:10:00,48860.0,48870.0,48843.5,48863.5,0
1335,20250227  14:15:00,48864.0,48898.0,48857.5,48892.5,0
1336,20250227  14:20:00,48894.0,48909.5,48879.0,48896.0,0
1337,20250227  14:25:00,48897.5,48906.0,48864.5,48887.5,0
1338,20250227  14:30:00,48888.5,48903.5,48878.0,48882.0,0
1339,20250227  14:35:00,48884.0,48888.5,48855.0,48878.0,0
1340,20250227  14:40:00,48878.5,48880.0,48857.0,48878.0,0
1341,20250227  14:45:00,48878.0,48883.5,48859.5,48875.5,0
1342,20250227  14:50:00,48877.0,48880.5,48846.5,48854.5,0
1343,20250227  14:55:00,48858.5,48867.0,48833.0,48842.0,0
1344,20250227  15:00:00,48839.0,48839.0,48779.0,48826.0,0
1345,20250227  15:05:00,48823.5,48826.0,48755.0,48771.5,0
1346,20250227  15:10:00,48772.5,48800.0,48726.5,48736.5,0
1347,20250227  15:15:00,48734.0,48737.0,48672.0,48684.0,0
1348,20250227  15:20:00,48682.5,48683.5,48640.5,48659.0,0
1349,20250227  15:25:00,48651.5,48683.0,48629.0,48641.5,0
1350,20250228  09:15:00,48437.0,48475.5,48228.0,48317.0,0
1351,20250228  09:20:00,48307.0,48377.0,48282.5,48309.5,0
1352,20250228  09:25:00,48308.5,48349.5,48259.0,48324.5,0
1353,20250228  09:30:00,48329.0,48335.0,48245.0,48274.5,0
1354,20250228  09:35:00,48270.0,48273.5,48179.0,48210.5,0
1355,20250228  09:40:00,48214.0,48236.0,48163.0,48204.5,0
1356,20250228  09:45:00,48202.0,48306.5,48197.0,48252.5,0
1357,20250228  09:50:00,48253.0,48334.0,48251.5,48316.0,0
1358,20250228  09:55:00,48319.0,48331.0,48239.5,48265.5,0
1359,20250228  10:00:00,48266.0,48342.5,48265.5,48342.0,0
1360,20250228  10:05:00,48337.5,48405.0,48337.5,48392.5,0
1361,20250228  10:10:00,48394.5,48442.5,48392.0,48432.5,0
1362,20250228  10:15:00,48435.5,48481.5,48406.0,48452.5,0
1363,20250228  10:20:00,48453.0,48480.0,48424.0,48475.5,0
1364,20250228  10:25:00,48469.0,48488.0,48405.5,48422.0,0
1365,20250228  10:30:00,48426.5,48452.5,48404.0,48406.5,0
1366,20250228  10:35:00,48408.5,48472.5,48407.5,48454.5,0
1367,20250228  10:40:00,48454.0,48476.0,48432.0,48473.5,0
1368,20250228  10:45:00,48474.0,48504.0,48427.5,48427.5,0
1369,20250228  10:50:00,48429.0,48443.5,48392.5,48399.0,0
1370,20250228  10:55:00,48399.0,48427.5,48364.0,48386.5,0
1371,20250228  11:00:00,48386.5,48445.0,48376.5,48445.0,0
1372,20250228  11:05:00,48446.0,48517.5,48444.5,48505.0,0
1373,20250228  11:10:00,48503.0,48534.5,48484.0,48492.0,0
1374,20250228  11:15:00,48491.5,48505.5,48477.5,48484.5,0
1375,20250228  11:20:00,48485.0,48496.5,48474.0,48482.0,0
1376,20250228  11:25:00,48482.5,48554.5,48467.5,48553.5,0
1377,20250228  11:30:00,48554.0,48574.5,48508.0,48513.5,0
1378,20250228  11:35:00,48512.5,48526.5,48495.5,48523.5,0
1379,20250228  11:40:00,48518.0,48528.5,48466.5,48469.5,0
1380,20250228  11:45:00,48465.5,48466.0,48414.5,48414.5,0
1381,20250228  11:50:00,48418.5,48461.5,48408.5,48446.5,0
1382,20250228  11:55:00,48446.0,48474.5,48446.0,48454.5,0
1383,20250228  12:00:00,48452.5,48462.5,48427.5,48429.0,0
1384,20250228  12:05:00,48429.0,48439.5,48410.0,48428.5,0
1385,20250228  12:10:00,48429.0,48437.0,48405.0,48416.0,0
1386,20250228  12:15:00,48419.0,48477.5,48414.0,48470.5,0
1387,20250228  12:20:00,48470.5,48498.5,48441.0,48472.0,0
1388,20250228  12:25:00,48471.5,48486.0,48448.0,48476.0,0
1389,20250228  12:30:00,48474.5,48482.0,48318.0,48320.0,0
1390,20250228  12:35:00,48322.0,48335.0,48253.0,48274.5,0
1391,20250228  12:40:00,48276.0,48283.5,48210.0,48214.5,0
1392,20250228  12:45:00,48217.0,48246.5,48199.0,48207.5,0
1393,20250228  12:50:00,48207.5,48225.5,48125.0,48130.0,0
1394,20250228  12:55:00,48130.0,48142.0,48078.5,48101.5,0
1395,20250228  13:00:00,48097.0,48183.0,48089.5,48165.0,0
1396,20250228  13:05:00,48162.5,48190.5,48127.5,48136.5,0
1397,20250228  13:10:00,48134.0,48178.0,48103.0,48115.5,0
1398,20250228  13:15:00,48118.5,48160.5,48104.5,48135.5,0
1399,20250228  13:20:00,48133.0,48171.5,48121.0,48164.0,0
1400,20250228  13:25:00,48159.0,48189.0,48137.5,48147.5,0
1401,20250228  13:30:00,48145.5,48178.0,48141.0,48143.5,0
1402,20250228  13:35:00,48148.0,48180.5,48135.0,48178.5,0
1403,20250228  13:40:00,48174.5,48204.5,48152.0,48181.0,0
1404,20250228  13:45:00,48178.0,48237.5,48164.0,48236.5,0
1405,20250228  13:50:00,48241.5,48277.0,48168.5,48186.5,0
1406,20250228  13:55:00,48187.5,48253.5,48178.5,48226.5,0
1407,20250228  14:00:00,48234.0,48277.5,48224.0,48268.5,0
1408,20250228  14:05:00,48269.0,48315.0,48262.0,48308.5,0
1409,20250228  14:10:00,48310.0,48318.5,48261.5,48307.0,0
1410,20250228  14:15:00,48307.5,48364.5,48272.0,48277.5,0
1411,20250228  14:20:00,48280.0,48361.0,48270.0,48329.5,0
1412,20250228  14:25:00,48329.5,48355.5,48319.5,48339.0,0
1413,20250228  14:30:00,48339.5,48344.0,48293.0,48312.5,0
1414,20250228  14:35:00,48313.5,48329.5,48274.0,48308.5,0
1415,20250228  14:40:00,48308.5,48441.5,48300.0,48441.5,0
1416,20250228  14:45:00,48436.5,48500.0,48396.0,48410.5,0
1417,20250228  14:50:00,48412.0,48447.5,48368.5,48416.0,0
1418,20250228  14:55:00,48406.5,48415.0,48372.5,48402.5,0
1419,20250228  15:00:00,48403.0,48435.0,48361.0,48421.5,0
1420,20250228  15:05:00,48421.5,48430.0,48360.0,48365.0,0
1421,20250228  15:10:00,48363.5,48376.0,48335.0,48351.5,0
1422,20250228  15:15:00,48351.5,48351.5,48291.5,48303.0,0
1423,20250228  15:20:00,48302.0,48326.0,48268.0,48270.0,0
1424,20250228  15:25:00,48271.0,48308.0,48238.5,48262.5,0
1425,20250303  09:15:00,48515.0,48566.5,48427.0,48441.5,0
1426,20250303  09:20:00,48447.0,48447.0,48227.0,48254.0,0
1427,20250303  09:25:00,48245.0,48250.5,48154.5,48160.5,0
1428,20250303  09:30:00,48156.5,48242.0,48142.0,48180.0,0
1429,20250303  09:35:00,48187.0,48212.0,48105.0,48175.0,0
1430,20250303  09:40:00,48175.5,48193.0,48086.0,48087.0,0
1431,20250303  09:45:00,48084.5,48098.5,47977.0,48000.5,0
1432,20250303  09:50:00,48002.5,48017.5,47954.0,47979.0,0
1433,20250303  09:55:00,47979.0,47991.5,47949.0,47972.5,0
1434,20250303  10:00:00,47973.0,47984.0,47858.5,47903.5,0
1435,20250303  10:05:00,47900.5,47919.0,47867.5,47875.0,0
1436,20250303  10:10:00,47876.0,47913.0,47842.0,47886.0,0
1437,20250303  10:15:00,47891.0,47995.5,47878.5,47991.0,0
1438,20250303  10:20:00,47987.0,47993.0,47907.0,47948.0,0
1439,20250303  10:25:00,47945.5,48051.0,47920.0,48045.0,0
1440,20250303  10:30:00,48043.0,48051.5,47964.0,47975.0,0
1441,20250303  10:35:00,47975.5,48030.0,47949.5,48015.5,0
1442,20250303  10:40:00,48018.0,48026.5,47933.5,47956.0,0
1443,20250303  10:45:00,47952.5,48034.5,47940.5,48021.5,0
1444,20250303  10:50:00,48025.5,48032.5,47989.5,48004.5,0
1445,20250303  10:55:00,48005.0,48005.5,47956.5,47967.0,0
1446,20250303  11:00:00,47966.5,47976.0,47891.0,47899.5,0
1447,20250303  11:05:00,47898.5,47944.5,47886.0,47908.0,0
1448,20250303  11:10:00,47909.0,47936.0,47871.5,47932.5,0
1449,20250303  11:15:00,47930.0,47938.5,47886.5,47897.0,0
1450,20250303  11:20:00,47896.0,47904.5,47845.5,47892.0,0
1451,20250303  11:25:00,47891.5,47920.0,47877.0,47894.5,0
1452,20250303  11:30:00,47893.0,47952.0,47881.0,47943.5,0
1453,20250303  11:35:00,47939.0,47944.0,47892.0,47912.0,0
1454,20250303  11:40:00,47910.0,47928.5,47890.0,47907.0,0
1455,20250303  11:45:00,47904.5,47959.0,47904.0,47941.0,0
1456,20250303  11:50:00,47942.5,47951.5,47898.5,47902.0,0
1457,20250303  11:55:00,47901.5,47920.0,47880.5,47893.0,0
1458,20250303  12:00:00,47893.0,47931.5,47878.5,47931.5,0
1459,20250303  12:05:00,47929.5,47991.0,47914.5,47983.5,0
1460,20250303  12:10:00,47986.0,48053.0,47973.0,48053.0,0
1461,20250303  12:15:00,48051.5,48072.5,48008.5,48048.0,0
1462,20250303  12:20:00,48050.5,48129.5,48033.5,48102.0,0
1463,20250303  12:25:00,48102.5,48129.0,48056.5,48081.5,0
1464,20250303  12:30:00,48077.0,48169.5,48071.5,48166.0,0
1465,20250303  12:35:00,48166.5,48186.0,48103.5,48110.0,0
1466,20250303  12:40:00,48111.0,48148.5,48105.5,48135.5,0
1467,20250303  12:45:00,48135.5,48225.0,48135.5,48212.0,0
1468,20250303  12:50:00,48211.5,48222.5,48141.0,48167.0,0
1469,20250303  12:55:00,48167.0,48182.0,48103.0,48113.5,0
1470,20250303  13:00:00,48113.0,48140.5,48090.0,48115.5,0
1471,20250303  13:05:00,48120.0,48167.0,48104.5,48167.0,0
1472,20250303  13:10:00,48166.0,48189.0,48148.0,48187.0,0
1473,20250303  13:15:00,48187.5,48258.5,48187.5,48192.0,0
1474,20250303  13:20:00,48198.5,48206.0,48148.5,48165.5,0
1475,20250303  13:25:00,48165.0,48174.5,48082.0,48100.0,0
1476,20250303  13:30:00,48103.0,48121.0,48045.0,48098.0,0
1477,20250303  13:35:00,48099.0,48132.0,48095.0,48116.0,0
1478,20250303  13:40:00,48118.5,48125.5,48089.5,48118.5,0
1479,20250303  13:45:00,48118.0,48162.5,48107.0,48152.0,0
1480,20250303  13:50:00,48152.5,48192.5,48142.5,48152.0,0
1481,20250303  13:55:00,48146.0,48157.5,48035.5,48043.0,0
1482,20250303  14:00:00,48044.0,48097.0,48038.0,48092.5,0
1483,20250303  14:05:00,48091.0,48101.0,48008.5,48028.5,0
1484,20250303  14:10:00,48030.0,48110.5,48022.5,48101.5,0
1485,20250303  14:15:00,48096.5,48110.0,48054.5,48074.5,0
1486,20250303  14:20:00,48086.5,48148.5,48079.5,48129.5,0
1487,20250303  14:25:00,48139.5,48202.0,48115.5,48192.5,0
1488,20250303  14:30:00,48194.0,48197.0,48129.0,48146.0,0
1489,20250303  14:35:00,48155.5,48180.0,48125.5,48143.5,0
1490,20250303  14:40:00,48143.0,48184.5,48130.0,48172.5,0
1491,20250303  14:45:00,48179.0,48184.0,48122.5,48122.5,0
1492,20250303  14:50:00,48138.0,48172.0,48130.0,48167.5,0
1493,20250303  14:55:00,48170.0,48171.0,48110.0,48143.5,0
1494,20250303  15:00:00,48139.0,48144.5,48078.0,48116.0,0
1495,20250303  15:05:00,48117.5,48141.0,48106.0,48125.0,0
1496,20250303  15:10:00,48127.0,48143.5,48104.0,48111.5,0
1497,20250303  15:15:00,48110.5,48141.5,48073.5,48138.0,0
1498,20250303  15:20:00,48130.0,48138.5,48097.5,48124.5,0
1499,20250303  15:25:00,48123.5,48162.5,48106.0,48160.0,0
1500,20250304  09:15:00,47936.0,48130.5,47935.5,48125.0,0
1501,20250304  09:20:00,48130.0,48233.5,48103.0,48230.0,0
1502,20250304  09:25:00,48232.0,48235.0,48047.5,48078.5,0
1503,20250304  09:30:00,48075.5,48201.5,48053.0,48196.5,0
1504,20250304  09:35:00,48196.5,48283.5,48172.5,48263.5,0
1505,20250304  09:40:00,48267.0,48336.5,48238.5,48289.5,0
1506,20250304  09:45:00,48280.5,48307.0,48224.0,48307.0,0
1507,20250304  09:50:00,48307.5,48314.5,48247.0,48295.0,0
1508,20250304  09:55:00,48293.5,48302.5,48236.5,48271.0,0
1509,20250304  10:00:00,48270.0,48351.0,48257.5,48302.0,0
1510,20250304  10:05:00,48302.0,48305.0,48172.0,48174.5,0
1511,20250304  10:10:00,48172.0,48179.5,48114.5,48176.0,0
1512,20250304  10:15:00,48176.0,48236.5,48172.5,48223.0,0
1513,20250304  10:20:00,48224.5,48279.5,48216.0,48258.5,0
1514,20250304  10:25:00,48253.5,48281.0,48234.5,48270.0,0
1515,20250304  10:30:00,48270.5,48343.0,48256.0,48315.0,0
1516,20250304  10:35:00,48315.5,48316.5,48258.5,48265.0,0
1517,20250304  10:40:00,48265.5,48284.5,48238.5,48241.0,0
1518,20250304  10:45:00,48241.0,48279.0,48235.0,48250.0,0
1519,20250304  10:50:00,48247.5,48276.0,48227.5,48266.0,0
1520,20250304  10:55:00,48271.5,48298.0,48254.5,48273.0,0
1521,20250304  11:00:00,48272.5,48316.0,48256.5,48314.0,0
1522,20250304  11:05:00,48314.5,48316.0,48256.0,48266.0,0
1523,20250304  11:10:00,48266.5,48289.0,48244.5,48250.0,0
1524,20250304  11:15:00,48250.0,48263.0,48210.5,48234.5,0
1525,20250304  11:20:00,48236.0,48267.5,48229.5,48258.5,0
1526,20250304  11:25:00,48257.0,48283.0,48245.0,48249.0,0
1527,20250304  11:30:00,48249.5,48277.0,48245.0,48263.0,0
1528,20250304  11:35:00,48263.0,48263.5,48226.5,48228.0,0
1529,20250304  11:40:00,48228.0,48229.0,48198.0,48203.5,0
